iter,ep_reward_mean,ep_reward_min,ep_reward_max,ep_len_mean,n_episodes,battery_failure_rate,n_battery_failures,charge_fraction,image_fraction,loss_total,loss_policy,loss_value,entropy
1,5.482519595628343,-2.7641636174890767,10.993051209108298,77.6923076923077,26,0.038461538461538464,1,0.16943359375,0.83056640625,1.0899771047756075,-0.00807337200967595,2.231815969198942,1.7857510786503554
2,4.712845185481557,-7.56065451802272,8.804563530861207,78.1923076923077,26,0.11538461538461539,3,0.15576171875,0.84423828125,0.9355627024546266,-0.00741803786077071,1.9214209068566561,1.772970936447382
3,4.911261441403527,-8.082324375639608,10.706638576449631,75.81481481481481,27,0.07407407407407407,2,0.1669921875,0.8330078125,0.7844762342050672,-0.006520972831640393,1.6172273809090256,1.7616482805460691
4,6.608183458162223,1.78543856786805,13.46696526547506,83.375,24,0.0,0,0.14306640625,0.85693359375,0.6446165514178575,-0.005559314683341654,1.3350843381136657,1.7366304688155652
5,5.848004463282015,-7.765123659689022,14.222495914140113,78.48,25,0.04,1,0.1484375,0.8515625,0.6064024899154902,-0.011290679532976355,1.269566303305328,1.7089982759207487
6,6.097612895691797,-8.336412804100984,12.712699466194842,81.16,25,0.08,2,0.123046875,0.876953125,0.5874104263260961,-0.010119849781040103,1.228348945081234,1.6644197259098292
7,5.1506845935479895,-8.948391714680177,14.7536031770856,78.65384615384616,26,0.15384615384615385,4,0.1298828125,0.8701171875,0.7573321760166436,-0.009505229254136794,1.5667085597291588,1.6516875565052032
8,6.906980042302976,-7.868664141959236,15.02216602772258,83.33333333333333,24,0.08333333333333333,2,0.123046875,0.876953125,0.6191565008834005,-0.006701115303440019,1.2838798966258764,1.60823326818645
9,7.8106670761298655,-3.9327505237823592,15.43919465109485,86.08695652173913,23,0.043478260869565216,1,0.13916015625,0.86083984375,0.5086463365703822,-0.007534437431604602,1.0637179717421532,1.5678212828934193
10,6.562837646075695,-5.806918853814402,13.195595892814131,84.73913043478261,23,0.17391304347826086,4,0.1318359375,0.8681640625,0.7956420555710793,-0.007869454842875712,1.637340884655714,1.515893103927374
11,8.40035945269508,-1.9254761513100576,18.214566353187028,87.04347826086956,23,0.043478260869565216,1,0.17041015625,0.82958984375,0.6897287998348475,-0.009804292385524604,1.4285374024882913,1.4735609706491233
12,8.66633062874712,-7.796609389470195,14.067665688594378,90.31818181818181,22,0.09090909090909091,2,0.1259765625,0.8740234375,0.5796000321395696,-0.006629901574342512,1.2014092156663536,1.4474673599004746
13,8.279591561153254,-8.086428338946696,18.643678552925856,85.26086956521739,23,0.08695652173913043,2,0.13525390625,0.86474609375,0.6135078356135637,-0.008932814322179183,1.2733498971909285,1.4234299559146166
14,9.5824167576932,-1.7654895848532863,17.688120478832374,92.95454545454545,22,0.045454545454545456,1,0.15625,0.84375,0.5641410177573561,-0.012742871257069055,1.181790533848107,1.4011377736926078
15,8.683437318394178,-7.993172689611708,19.72608938976712,87.1304347826087,23,0.08695652173913043,2,0.17626953125,0.82373046875,0.6228460077662021,-0.010669534097542056,1.2948027111589908,1.3885812390595675
16,9.342114389503525,1.5175975303586138,16.87330731570344,92.9090909090909,22,0.0,0,0.18359375,0.81640625,0.36416119334753605,-0.009499961312394589,0.7742070218548178,1.3442358046770095
17,10.792175570656587,3.6155840457812545,19.08612128119546,93.66666666666667,21,0.0,0,0.16455078125,0.83544921875,0.4352138357702643,-0.008419722161488608,0.9139356452971696,1.3334265246987342
18,10.88008881165403,3.406018114281012,20.003315760372832,95.95238095238095,21,0.0,0,0.15625,0.84375,0.45398677899502216,-0.009583471779478714,0.9527944209054112,1.28269610889256
19,10.347731287586718,-6.933991258221544,18.631657517666273,91.22727272727273,22,0.045454545454545456,1,0.1484375,0.8515625,0.6125421067234129,-0.011031276819994672,1.2723388135433198,1.2596024487167596
20,10.243512616836389,-5.947987390702245,22.015756277896227,91.5909090909091,22,0.09090909090909091,2,0.14404296875,0.85595703125,0.7862557045184075,-0.006229455520224292,1.6098019130527974,1.2415795762091875
21,11.374926649312606,3.438942813523634,19.36914123881886,96.38095238095238,21,0.0,0,0.17041015625,0.82958984375,0.4859652075567283,-0.008797686256002635,1.0136146326549351,1.204442273452878
22,10.407528967871091,-7.126861976190325,19.395591504365303,91.47619047619048,21,0.047619047619047616,1,0.1552734375,0.8447265625,0.6781560563016683,-0.007055452807981056,1.3945752577856183,1.2076117265969515
23,10.23950760571394,-7.788132091950973,22.139589590248853,94.19047619047619,21,0.047619047619047616,1,0.15087890625,0.84912109375,0.6398525198805146,-0.0066020311583997685,1.3173677982762455,1.2229347135871649
24,12.026359596699427,4.294843473666654,23.165496961231874,98.25,20,0.0,0,0.1572265625,0.8427734375,0.5539721782784909,-0.0115584040642716,1.1546612745150924,1.1800054386258125
25,11.848492739899608,-2.093950762974778,28.474927189986715,100.0,20,0.05,1,0.1455078125,0.8544921875,0.7843146953731776,-0.007565598451765254,1.6069484224542976,1.1593917425721885
26,13.267541943873919,-6.07362591863213,32.11349700976814,99.3,20,0.05,1,0.14794921875,0.85205078125,0.8188498757779599,-0.007092882353754248,1.6747890826314689,1.1451782301068305
27,13.952178102632228,3.8485179071326985,27.584965636298747,101.8,20,0.0,0,0.17919921875,0.82080078125,0.7250722595956176,-0.007355186817949289,1.4875591836869717,1.1352145258337258
28,13.229550055927774,3.7796947656986575,24.800982323681644,101.55,20,0.0,0,0.189453125,0.810546875,0.7166757079772651,-0.006595740578632103,1.468531590513885,1.0994348704814911
29,13.460770350988065,-1.3589775396589037,28.41051108853729,101.26315789473684,19,0.05263157894736842,1,0.1806640625,0.8193359375,0.969546934403479,-0.009213634300976992,1.9800667868927122,1.1272823389619588
30,14.58452496269069,3.717105345921982,24.557455634189104,107.05263157894737,19,0.0,0,0.17236328125,0.82763671875,0.7297857902012765,-0.00859867494145874,1.4991146434098481,1.117285555228591
31,15.35650534104611,4.810134450271268,28.817956381109568,107.15789473684211,19,0.0,0,0.16796875,0.83203125,0.7771798436064273,-0.005314250913215801,1.5872585739940406,1.1135192554444076
32,14.330627691870438,5.07107476920305,25.470878940309568,106.47368421052632,19,0.0,0,0.17626953125,0.82373046875,0.7729375466238707,-0.006384590006200596,1.5803872091695665,1.0871467227116227
33,15.530777876973259,4.620401743889679,26.706731538914063,109.11111111111111,18,0.0,0,0.193359375,0.806640625,0.828047376126051,-0.007663228501041885,1.6931668050587176,1.0872799474745989
34,15.40307906704492,3.9711873080356934,27.46470456758027,108.33333333333333,18,0.0,0,0.19921875,0.80078125,0.8802540740929544,-0.006464428009348921,1.795347895845771,1.0955444559454919
35,16.145329490080698,4.879641575905808,23.041390325853463,109.16666666666667,18,0.0,0,0.19384765625,0.80615234375,0.8695358720608055,-0.006614036858081818,1.7733170622959733,1.05086191855371
36,14.434391372488312,-9.215235185367849,24.53811686193456,104.94736842105263,19,0.05263157894736842,1,0.19091796875,0.80908203125,1.0242595217190682,-0.007006767916027457,2.082445489242673,0.995645583793521
37,16.90424966275463,4.164137202709403,28.69704260745954,111.72222222222223,18,0.0,0,0.20068359375,0.79931640625,1.0130942532792688,-0.007879860393586569,2.0619326546788215,0.9992210468277335
38,17.066133562617072,3.963169474156871,28.829448685865678,111.66666666666667,18,0.0,0,0.1904296875,0.8095703125,0.9468571438454092,-0.00902704707114026,1.9317409988492726,0.9986310658976436
39,17.014921190222832,4.788409336519435,28.079445927263876,110.16666666666667,18,0.0,0,0.19970703125,0.80029296875,1.0876088751479984,-0.010814497097453569,2.216626447066665,0.9889853984117508
40,17.293570402155428,3.312431691182831,25.67501335086164,112.27777777777777,18,0.0,0,0.19482421875,0.80517578125,1.03245242908597,-0.007584105874411762,2.1005817003548146,1.0254311317577958
41,15.47805415104247,-9.156198425812553,24.462114209238628,106.89473684210526,19,0.05263157894736842,1,0.16943359375,0.83056640625,1.3775500593706966,-0.007385852714651264,2.7903415516018866,1.0234860222786666
42,16.33293367914716,-8.989653572235762,27.47058251064025,108.05555555555556,18,0.05555555555555555,1,0.18603515625,0.81396484375,1.2549884244799614,-0.0059013713238527995,2.5426375549286604,1.0428985675796867
43,16.96031722344143,-6.459925712494992,29.015902626980186,113.55555555555556,18,0.05555555555555555,1,0.17041015625,0.82958984375,1.3934486391954124,-0.008182301561464555,2.823387347906828,1.0062732802703978
44,16.84178234064635,-0.8773789516306021,27.586849076501665,112.77777777777777,18,0.05555555555555555,1,0.18359375,0.81640625,1.2616338297724723,-0.007914796737895812,2.559844570979476,1.0373659072443844
45,16.52573607119339,4.09356038356848,25.74710606983992,109.5,18,0.0,0,0.19091796875,0.80908203125,1.0926651280373334,-0.01151586352425511,2.2284133598208427,1.002568855136633
46,15.528937303498443,-4.612642151450375,27.060228182653887,112.05555555555556,18,0.05555555555555555,1,0.1865234375,0.8134765625,1.2010878363624216,-0.009843116621777882,2.441843240335584,0.9990668416023254
47,17.51605489587914,7.428463208460687,24.875535631908296,116.70588235294117,17,0.0,0,0.15869140625,0.84130859375,1.145012206211686,-0.006947620540449862,2.3236884627491237,0.9884398641064763
48,16.541225778836356,-3.7095737729957365,26.774643914750076,116.52941176470588,17,0.058823529411764705,1,0.14990234375,0.85009765625,1.2421033079735935,-0.01099265827506315,2.5260673362761734,0.9937698155641556
49,17.29468777224501,6.5441010530940185,25.48453158763696,117.58823529411765,17,0.0,0,0.16748046875,0.83251953125,1.1002891408279538,-0.006966920744162053,2.234516733512282,1.0002307942137123
50,17.079130037406205,8.65294790558503,26.044097441329743,116.3529411764706,17,0.0,0,0.166015625,0.833984375,1.1308399438858032,-0.005546877431333997,2.292750355601311,0.9988358151167631
51,16.73593449963694,7.122089727669998,28.12080979083326,115.82352941176471,17,0.0,0,0.15966796875,0.84033203125,1.0767950288020074,-0.008018489713140297,2.1895291775465013,0.9951068978756666
52,15.44419818148585,-1.8905914238934756,28.971614930078488,112.16666666666667,18,0.05555555555555555,1,0.1787109375,0.8212890625,1.2266926070675255,-0.006107544041879009,2.484893200173974,0.9646446581929922
53,16.567103797197387,7.086380303496563,28.42341800716144,111.11111111111111,18,0.0,0,0.173828125,0.826171875,1.280425203591585,-0.008829054833040573,2.598169733956456,0.9830609736964107
54,16.772228948708616,10.400294367240466,26.021802548713623,112.88888888888889,18,0.0,0,0.169921875,0.830078125,1.1639764479361474,-0.008261360826145392,2.3634860444813968,0.9505210101604462
55,16.43568826104948,8.493267680271495,23.927899866401127,113.41176470588235,17,0.0,0,0.1640625,0.8359375,1.1322491044178604,-0.006432062850217335,2.2962674904614686,0.9452578293159604
56,16.45964174135112,7.4448368146929935,23.916320975845604,115.41176470588235,17,0.0,0,0.181640625,0.818359375,1.0940367627888918,-0.007069380389293656,2.2217115230858324,0.9749620942398906
57,15.949985776333099,-2.706803094049362,29.085334466534807,110.27777777777777,18,0.1111111111111111,2,0.18505859375,0.81494140625,1.4506528321653605,-0.00642015257908497,2.933448539674282,0.9651285339146852
58,16.247598458489577,4.15420216165949,27.58228108853496,111.66666666666667,18,0.05555555555555555,1,0.18017578125,0.81982421875,1.4462797246873378,-0.00841585211455822,2.929035027697682,0.9821933412924408
59,16.084576682167675,4.014416422335178,24.957509588102887,110.11111111111111,18,0.05555555555555555,1,0.1669921875,0.8330078125,1.2838474613614381,-0.0037823739927262067,2.5953020516783,1.002119361422956
60,13.966191411209552,-5.623852385658732,23.882676624134696,108.22222222222223,18,0.05555555555555555,1,0.16162109375,0.83837890625,1.4545012495480478,-0.007155790764954872,2.942649656906724,0.9667793329805136
61,15.858248784935402,4.389608917227743,27.610710194866673,110.77777777777777,18,0.0,0,0.17236328125,0.82763671875,1.2128852885216475,-0.008483758447982836,2.462266514822841,0.976421033218503
62,16.63671058273733,4.389608917227743,28.626417092514295,112.23529411764706,17,0.0,0,0.1787109375,0.8212890625,1.2098053848370909,-0.008041686253272928,2.45558592826128,0.9945893010124565
63,16.745170666608992,-5.624691419541597,28.444558189269713,112.05555555555556,18,0.05555555555555555,1,0.125,0.875,1.4410550048574806,-0.009613653275300749,2.9222645360976456,1.046361057087779
64,18.160380486835294,4.389608917227742,32.322947105571735,111.05555555555556,18,0.0,0,0.11962890625,0.88037109375,1.320008455682546,-0.00578626280039316,2.6724358964711428,1.0423229044303297
65,16.850822675689972,-2.326026699614519,32.17839052639998,107.47368421052632,19,0.05263157894736842,1,0.10693359375,0.89306640625,1.6204510919749737,-0.00887558307731524,3.280027207732201,1.0686927393078804
66,14.935845246796976,-5.976356808191253,31.79991605248069,101.05,20,0.1,2,0.12841796875,0.87158203125,1.5490107353776694,-0.006377871916629374,3.13190340064466,1.05630947612226
67,16.24816771671242,4.3609944032509125,30.49201447502818,105.21052631578948,19,0.0,0,0.1376953125,0.8623046875,1.3380414890125394,-0.006781114856130444,2.710667995363474,1.0511391915380954
68,15.435785035671957,-5.610391082772259,30.2791591225929,105.73684210526316,19,0.10526315789473684,2,0.09912109375,0.90087890625,1.5494406389072537,-0.006787215522490442,3.132974725216627,1.0259504655376077
69,17.3350693811218,4.048047424904215,33.01705684695868,110.61111111111111,18,0.05555555555555555,1,0.1376953125,0.8623046875,1.2250177428126334,-0.010940801246033516,2.4927976217120884,1.0440269472077488
70,17.437856365534614,4.399339480566619,33.43680047068576,110.11111111111111,18,0.05555555555555555,1,0.1103515625,0.8896484375,1.1943253367207944,-0.006271922148880549,2.4225182984024287,1.0661889903247357
71,16.146159805965933,-9.270945482412799,35.17278241176255,106.83333333333333,18,0.05555555555555555,1,0.09716796875,0.90283203125,1.6952815501019358,-0.007118604236165993,3.4262343030422926,1.0716995138674974
72,16.730908957976073,4.019432910927386,34.54022465313819,113.82352941176471,17,0.058823529411764705,1,0.09765625,0.90234375,1.5324112808331847,-0.009753022756194695,3.1061647292226553,1.091806055046618
73,17.200508286883384,4.389608917227741,32.71629456687821,112.72222222222223,18,0.0,0,0.1025390625,0.8974609375,1.3088598072528839,-0.0075898672876064666,2.6541975110769274,1.0649080960080028
74,17.439025819825034,4.376147614341269,33.92985962165711,112.77777777777777,18,0.0,0,0.09912109375,0.90087890625,1.2183702962473035,-0.00833003820880549,2.4744956929236652,1.054751244932413
75,12.34758090037048,-8.777538606615717,30.794000063543027,98.65,20,0.25,5,0.09716796875,0.90283203125,2.5114377791062,-0.005700015148613602,5.0557198617607355,1.072214632295072
76,15.817395510172892,-6.45854461076031,33.24525874108423,105.6842105263158,19,0.10526315789473684,2,0.09814453125,0.90185546875,1.8402273053303362,-0.010693295132659842,3.7235206123441458,1.0839702259749173
77,17.96949322201672,5.146210684381548,34.100065314249775,114.76470588235294,17,0.0,0,0.091796875,0.908203125,1.0861407459247858,-0.00793392501946073,2.209273328445852,1.0561992594972254
78,16.344212053883886,-6.655823648345799,35.498956021304785,106.27777777777777,18,0.16666666666666666,3,0.0810546875,0.9189453125,1.9845064791850746,-0.006385890860110521,4.003001821786166,1.0608539216220378
79,19.090264242024794,-4.891943522003648,33.5087820133462,117.0,17,0.058823529411764705,1,0.0869140625,0.9130859375,1.2343163051642478,-0.005758149535540724,2.5015561431646347,1.0703613020479679
80,18.24136739019477,5.493512707373238,31.03278509744323,116.4375,16,0.0,0,0.11572265625,0.88427734375,1.1254462243057788,-0.005695281139924191,2.283533915691078,1.0625458039343356
81,11.780096654046767,-10.0,35.26498522006642,96.0,21,0.2857142857142857,6,0.11865234375,0.88134765625,2.5215129625052213,-0.008133639628067613,5.080499408021569,1.0603100327774881
82,18.077769836138117,5.934671557480381,28.357600891809412,119.05882352941177,17,0.0,0,0.1318359375,0.8681640625,1.0121638328768312,-0.0073973882870632226,2.0595290631055834,1.0203309839591383
83,18.425489375668523,-4.095622029623619,31.65046002907018,118.94117647058823,17,0.058823529411764705,1,0.11669921875,0.88330078125,1.088512477837503,-0.009435010454035364,2.2158160015940664,0.9960512613877655
84,19.660253179836104,11.574468704648359,29.632093870387042,123.125,16,0.0,0,0.11865234375,0.88134765625,0.9577977032400667,-0.007047105033416301,1.9501898476853967,1.0250114193186164
85,16.698644806083855,1.8639359422714268,28.09108877609552,116.11764705882354,17,0.058823529411764705,1,0.1259765625,0.8740234375,1.1962730592116713,-0.010171750295558012,2.432948450744152,1.0029412796720862
86,17.1878024851176,-4.917159045832256,26.367207977996944,114.58823529411765,17,0.058823529411764705,1,0.12890625,0.87109375,1.3114488707855343,-0.006564669869840145,2.655849914252758,0.9911415925249457
87,18.232497578566747,6.282714711326823,27.96769786829637,118.41176470588235,17,0.0,0,0.1337890625,0.8662109375,0.9848810708150267,-0.007298342740978114,2.004381371848285,1.001127670891583
88,16.843358702936342,-6.684554941759735,31.118331721941985,112.0,18,0.05555555555555555,1,0.130859375,0.869140625,1.3650575254112483,-0.007543830807844642,2.7651819813996554,0.9989637840539217
89,17.608656091167152,5.287175467293509,29.776318937964152,115.88235294117646,17,0.0,0,0.1357421875,0.8642578125,0.9970465071965009,-0.008176432002801447,2.030671590194106,1.0112855106592178
90,14.579830216077545,-8.185675332987513,27.19267016745148,105.6842105263158,19,0.15789473684210525,3,0.14599609375,0.85400390625,1.8517583570443095,-0.005220377800287679,3.7340392258018253,1.0040877912193538
91,15.42563933680406,-0.7089581563937113,26.682402482802193,109.38888888888889,18,0.05555555555555555,1,0.1513671875,0.8486328125,1.2873247161973267,-0.008430020509695168,2.6121137544512747,1.0302141420543194
92,15.320336889933564,1.8834614222545873,29.163814356744485,110.66666666666667,18,0.1111111111111111,2,0.12744140625,0.87255859375,1.510108052380383,-0.01081093328539282,3.062542130425572,1.0352075066417457
93,17.489150809530145,5.303284412614966,25.64819226454089,117.11764705882354,17,0.0,0,0.140625,0.859375,0.9862195902504027,-0.010005281685153022,2.012941793166101,1.0246024318039417
94,16.538797979283387,-9.65785260036786,26.304248724122957,115.58823529411765,17,0.058823529411764705,1,0.13818359375,0.86181640625,1.2216407185420395,-0.00954208840848878,2.4830582534894345,1.034632114507258
95,18.259108947219822,-8.27407792367821,30.371146681588566,117.88235294117646,17,0.058823529411764705,1,0.1220703125,0.8779296875,1.410497898235917,-0.011532944985083305,2.8643396463245154,1.0138977548107504
96,17.50770739812572,6.183379466101915,26.62462131543181,119.88235294117646,17,0.0,0,0.12060546875,0.87939453125,1.0736062219832092,-0.005358543014153838,2.1788305822759866,1.0450525598600506
97,16.274409962818147,0.5075325452414052,27.169103980988087,109.05555555555556,18,0.05555555555555555,1,0.14453125,0.85546875,1.3929752426221966,-0.00751839872536948,2.822772997803986,1.0892861928790807
98,16.257170620941565,4.093337765209201,27.196880610666053,105.73684210526316,19,0.05263157894736842,1,0.14697265625,0.85302734375,1.525065034814179,-0.00632292555674212,3.0843784481287004,1.080126141011715
99,15.034176011920682,-4.635202246838229,29.252022691475943,101.7,20,0.05,1,0.1455078125,0.8544921875,1.6536203959956766,-0.009055958056706004,3.3471198808401823,1.0883589459583163
100,13.538872768467808,-0.0973064993722037,27.05874047282018,101.8,20,0.05,1,0.1708984375,0.8291015625,1.4060474991798402,-0.007185055580339395,2.8479542922228576,1.0744588773697614
101,13.675015031461061,-4.681125345601437,28.608681215000754,99.8,20,0.05,1,0.1767578125,0.8232421875,1.5880430271849035,-0.008566813204379287,3.2146874222904445,1.0733869437128305
102,14.315305435694313,-1.3454468306536658,29.949191186624613,103.47368421052632,19,0.05263157894736842,1,0.154296875,0.845703125,1.4476049790158867,-0.008042582886992023,2.9319070257246493,1.030595305748284
103,17.39926426945179,7.133591018315453,30.014191843041846,108.66666666666667,18,0.0,0,0.15087890625,0.84912109375,1.249331734701991,-0.009708728731493466,2.5387237176299093,1.0321392564103007
104,15.972858401185984,5.8783587180306895,30.150456720234033,109.38888888888889,18,0.0,0,0.15771484375,0.84228515625,1.1854147829115391,-0.006925138224323746,2.4047165978699923,1.0018377006053925
105,14.664334427535724,-5.574818572028797,30.223232116895083,102.1,20,0.1,2,0.15771484375,0.84228515625,1.6895779260899872,-0.005972508082049899,3.411269000917673,1.008406699821353
106,14.119115953863396,-7.381413916887787,28.068603348255,101.55,20,0.1,2,0.1748046875,0.8251953125,1.6231780236586928,-0.007869350104010664,3.2821120768785477,1.0008664397522806
107,14.62317803140069,-6.229127852922524,27.709710391512772,103.0,19,0.10526315789473684,2,0.14208984375,0.85791015625,1.7533819738775491,-0.00918408076177002,3.545170845836401,1.0019370060414077
108,15.34591393672653,-7.119974587079062,30.197295414561832,103.78947368421052,19,0.10526315789473684,2,0.1396484375,0.8603515625,1.724068011716008,-0.005222892164601945,3.478800628334284,1.0109412007033824
109,15.274883500489441,-7.734606717413062,30.12810425093074,101.5,20,0.1,2,0.14599609375,0.85400390625,1.835880359262228,-0.00936418900382705,3.710197128728032,0.9854020150378346
110,15.326760162685735,-4.726329292023148,29.91466598050492,104.52631578947368,19,0.05263157894736842,1,0.1513671875,0.8486328125,1.4707946948707105,-0.0073415914084762335,2.976877971366048,1.030269725061953
111,14.911024931567383,-6.859242599122586,26.86860389839637,103.0,19,0.05263157894736842,1,0.1357421875,0.8642578125,1.468976944964379,-0.006049762360635214,2.970394880697131,1.0170731429010629
112,14.902462838594346,-6.619835643634525,28.41602604616031,100.45,20,0.05,1,0.1474609375,0.8525390625,1.4698032126761973,-0.008276732321246528,2.9764652386307717,1.0152672233060003
113,15.32070386733963,-6.810167924117877,28.724309212444666,101.57894736842105,19,0.05263157894736842,1,0.12890625,0.87109375,1.4499947914853692,-0.00799552064272575,2.9365599740296604,1.0289670990779995
114,14.104843327493125,-8.232988414492596,26.772660509228096,101.1,20,0.1,2,0.13037109375,0.86962890625,1.7055865870788693,-0.012844838873570552,3.456974247843027,1.0055696278810502
115,14.783752496256476,-5.769335313275358,27.805691425335763,103.94736842105263,19,0.10526315789473684,2,0.15234375,0.84765625,1.6712785014882683,-0.007297894150542561,3.3772827077656986,1.0064957927912475
116,15.386981837919217,-7.276042543069887,31.248210359598016,105.6842105263158,19,0.05263157894736842,1,0.1416015625,0.8583984375,1.4769388388842344,-0.00799969059007708,2.9896594285964966,0.9891185835003853
117,15.362312984264323,-7.949279525813915,30.973145148469314,107.3157894736842,19,0.05263157894736842,1,0.1474609375,0.8525390625,1.4539133089594543,-0.006834194544353522,2.9411572612822057,0.983113301731646
118,15.497747459289506,-6.267586919904266,28.26858441580043,105.6842105263158,19,0.10526315789473684,2,0.15380859375,0.84619140625,1.6978198451921345,-0.006850938685238362,3.4291562493890524,0.9907337324693799
119,15.70460465087206,-6.393798904783877,28.202508628076686,104.89473684210526,19,0.10526315789473684,2,0.15576171875,0.84423828125,1.7726752495393157,-0.009058545596781186,3.582729721069336,0.9631063178181648
120,16.055340855717162,-6.63551066451585,31.08252557860904,106.52631578947368,19,0.10526315789473684,2,0.15771484375,0.84228515625,1.7405420169234276,-0.007633646897738799,3.5154133960604668,0.953103787265718
121,15.783534680593382,-7.032731847135803,30.129537872661643,105.78947368421052,19,0.10526315789473684,2,0.15185546875,0.84814453125,1.899533311650157,-0.009044239870854653,3.836032881215215,0.943889306485653
122,16.853327103087814,4.482376443157856,32.49677059261448,112.61111111111111,18,0.05555555555555555,1,0.14892578125,0.85107421875,1.6261934509500862,-0.007982730402727612,3.2876432582736017,0.9645449044182897
123,15.700108152905724,-5.879240476477799,29.011317804503708,101.35,20,0.1,2,0.17431640625,0.82568359375,1.7853691153228284,-0.00762241656484548,3.605260853469372,0.9638899872079492
124,14.885300824264979,-7.2729165441906485,29.6720687398879,99.35,20,0.1,2,0.20263671875,0.79736328125,1.7803431199863553,-0.010215804426115938,3.6002229019999503,0.9552527848631144
125,17.096051095505672,3.592850862077551,32.80578147086085,107.3157894736842,19,0.0,0,0.20166015625,0.79833984375,1.303306680265814,-0.006687883703853004,2.6392497953027485,0.9630332196131348
126,17.293884773220793,3.5069926943357004,29.863531251891352,106.26315789473684,19,0.0,0,0.1982421875,0.8017578125,1.4235402116551996,-0.009234010272484739,2.8855921294540168,1.0021841078996658
127,16.35284573049211,4.2311215494651835,28.69136961864851,107.0,18,0.0,0,0.1806640625,0.8193359375,1.3215403652749955,-0.00914711024306598,2.681536031514406,1.008054473809898
128,15.845615585453352,3.8621929405820365,29.22441867096562,108.33333333333333,18,0.0,0,0.1904296875,0.8095703125,1.253776828199625,-0.007628649880643934,2.543389869853854,1.0289457561448216
129,15.828894320958376,3.590759479862816,26.996117981439138,106.89473684210526,19,0.05263157894736842,1,0.177734375,0.822265625,1.5344582083635032,-0.012195561120461208,3.114114923775196,1.0403691817075014
130,17.249590877821827,3.094597417846648,29.345387962561496,109.77777777777777,18,0.0,0,0.181640625,0.818359375,1.3556324624456466,-0.008723557952907867,2.7493556920439004,1.03218196593225
131,17.44510547464631,2.823419799919389,29.725991150997533,113.16666666666667,18,0.0,0,0.16357421875,0.83642578125,1.3596921920776368,-0.006340304799959995,2.7528304278850557,1.0382719334214925
132,17.32338941958216,3.2859726651299836,29.31884399548304,111.27777777777777,18,0.0,0,0.18212890625,0.81787109375,1.302831793949008,-0.00993364663736429,2.645987243950367,1.0228180767968298
133,16.729514915477058,3.530513356095441,29.00042726769163,108.33333333333333,18,0.0,0,0.1826171875,0.8173828125,1.3081273430027067,-0.008177844859892503,2.6528659176081417,1.0127768082544208
134,17.89790825255203,3.479990964523732,30.94088983741876,106.66666666666667,18,0.0,0,0.17578125,0.82421875,1.4623864967375995,-0.0074066801040316935,2.960392818972468,1.0403228556737303
135,17.802866474633433,2.812519222928283,30.091724500330077,109.83333333333333,18,0.0,0,0.16748046875,0.83251953125,1.450924536585808,-0.010420591867296025,2.943831587955356,1.0570659385994077
136,17.57295567093062,3.687348814048934,31.14468054691276,111.22222222222223,18,0.0,0,0.16552734375,0.83447265625,1.4444299282506108,-0.008096272774855607,2.9258508875966074,1.039924380555749
137,15.37828007087796,-8.094334606255149,33.75800413251494,99.7,20,0.1,2,0.134765625,0.865234375,2.0983261331915855,-0.008657795586623251,4.23483842201531,1.0435280438512564
138,15.295639491999475,-8.850965222293526,30.417718712135823,100.78947368421052,19,0.05263157894736842,1,0.14794921875,0.85205078125,1.7817453387193383,-0.007563476300856564,3.6000066261738537,1.069449670612812
139,15.68726855798329,-2.6427144126414603,29.05556434724337,103.0,19,0.05263157894736842,1,0.15625,0.84375,1.8188635520637035,-0.009480232038185932,3.677857172861695,1.058480512164533
140,17.634465198169472,4.361206409485019,27.984017141600415,109.05555555555556,18,0.0,0,0.1298828125,0.8701171875,1.4650496646761895,-0.009360367702902295,2.969958604127169,1.0569274913519622
141,17.44387425772304,3.265409344953128,30.65654864072389,109.22222222222223,18,0.0,0,0.1357421875,0.8642578125,1.4885073637589812,-0.00806383072922472,3.0146339725703,1.0745790855959059
142,18.362731498280937,2.920915628838036,32.18523140154019,111.22222222222223,18,0.0,0,0.14208984375,0.85791015625,1.4862323292531072,-0.009292272594757378,3.011845675483346,1.0398237289860846
143,18.345949326094654,-7.98560918051752,31.665960186935802,107.63157894736842,19,0.05263157894736842,1,0.12109375,0.87890625,1.8689696645364164,-0.009778645769983996,3.7780837535858156,1.029355875775218
144,18.96636482248905,8.33860417567227,32.84298320049195,113.16666666666667,18,0.0,0,0.12939453125,0.87060546875,1.5742888707667588,-0.011476257327012717,3.192049651965499,1.0259692542254926
145,19.626009474190127,6.490874644629234,35.68887966587533,114.70588235294117,17,0.0,0,0.1201171875,0.8798828125,1.5995938863605261,-0.008962095429887995,3.236955401673913,0.9921720379963517
146,17.60667212748568,8.344286792220972,26.894915926988347,109.83333333333333,18,0.0,0,0.1318359375,0.8681640625,1.4570633416064083,-0.008930199417227414,2.952146476507187,1.0079699261114001
147,18.214800949375537,6.250268547618,31.67904242824445,108.05555555555556,18,0.0,0,0.1083984375,0.8916015625,1.5964438868686557,-0.009573721376364119,3.2321600005030633,1.0062388272956013
148,17.868252935629158,7.270762606342964,33.80202687880141,107.47368421052632,19,0.0,0,0.1044921875,0.8955078125,1.6085878441110253,-0.01081557551806327,3.2597704123705626,1.0481782361865044
149,17.182068412944723,7.643691304106092,33.52593866504855,107.0,19,0.0,0,0.11376953125,0.88623046875,1.6467558465898038,-0.006023160586482845,3.3264411330223083,1.0441560154780745
150,14.425797845455886,-8.796525746528944,30.286162429673045,97.0952380952381,21,0.14285714285714285,3,0.1103515625,0.8896484375,2.5277508391067385,-0.004574288318690378,5.085032661631703,1.01911900639534
151,15.196081827896059,-8.018782014211268,30.744534861516463,99.0,19,0.10526315789473684,2,0.107421875,0.892578125,2.1592877520248295,-0.009664448142575565,4.358673003315926,1.038429757207632
152,16.88786003760511,5.94946318773195,33.4908888930581,106.27777777777777,18,0.0,0,0.1162109375,0.8837890625,1.553123307414353,-0.012171557312831283,3.151719743013382,1.0565009212121368
153,14.347411348055775,-8.783201286976347,27.955663865561213,101.75,20,0.05,1,0.1083984375,0.8916015625,1.7218062413856388,-0.010423598231864162,3.485455413535237,1.0497860243543982
154,13.422629664372542,-8.368026850416193,30.04967741991,95.85714285714286,21,0.14285714285714285,3,0.09375,0.90625,2.4203021321445704,-0.007388470442674588,4.876831760630012,1.0725272679701447
155,15.535867147942131,-10.0,30.174739783085187,102.05,20,0.05,1,0.0966796875,0.9033203125,1.6103541711345315,-0.00824893438257277,3.2583862718194725,1.0590035293251276
156,15.575773319457179,-7.7557652837813205,31.52384525809806,102.25,20,0.1,2,0.1201171875,0.8798828125,1.9889666618779303,-0.009736186986265239,4.018634777143598,1.0614539131522178
157,17.9393756100175,6.702800251066537,27.346160931531813,112.5,18,0.0,0,0.11181640625,0.88818359375,1.2585402032360435,-0.009502994816284627,2.5566683020442724,1.0290954176336526
158,17.96293357148962,6.977187286981881,33.41199160226612,110.55555555555556,18,0.05555555555555555,1,0.1376953125,0.8623046875,1.6728110574185848,-0.010154294426320121,3.386348633468151,1.020896647684276
159,14.579170410274036,-6.8734360851129015,28.556022371584742,103.0,19,0.10526315789473684,2,0.12744140625,0.87255859375,2.0046790916472674,-0.010441099325544202,4.050246288999915,1.000295906700194
160,16.502952235304452,-4.4398865045067915,30.680588272854763,107.57894736842105,19,0.05263157894736842,1,0.1318359375,0.8681640625,1.6773145142011345,-0.007170529139693826,3.3885804172605276,0.9805170364677906
161,19.442357046351436,8.241976527925097,38.31531539916439,115.3529411764706,17,0.0,0,0.13427734375,0.86572265625,1.2886514673009515,-0.009191059222212061,2.614967196807265,0.9641073066741228
162,18.470874148120604,4.572613929337432,35.26695684313236,114.29411764705883,17,0.0,0,0.12158203125,0.87841796875,1.3005240188911558,-0.009218122289166786,2.639161494746804,0.9838606987148524
163,15.471638138979884,-5.05516817675408,31.826845718277376,104.3157894736842,19,0.15789473684210525,3,0.12890625,0.87109375,2.261174696497619,-0.008326664511696436,4.5588898997753855,0.9943592939525843
164,17.718606568992524,-5.246284559691368,35.74590615696358,109.77777777777777,18,0.05555555555555555,1,0.119140625,0.880859375,1.727161553874612,-0.007328366552246735,3.4883844673633577,0.9702311638742686
165,18.361708954547435,8.502321063716217,33.176959085175916,114.82352941176471,17,0.0,0,0.1337890625,0.8662109375,1.2196256637573242,-0.010750046159955673,2.4801060333848,0.9677309215068817
166,16.208080214675835,-9.269708910792145,29.148891140326096,106.94736842105263,19,0.05263157894736842,1,0.14599609375,0.85400390625,1.5691372014582157,-0.006240888871252537,3.1700442101806403,0.9644019156694412
167,17.985015045024955,5.627134739665694,31.492600545279778,112.11111111111111,18,0.0,0,0.15185546875,0.84814453125,1.3036174503155054,-0.010586306340701412,2.6473507046699525,0.9471597207710147
168,16.964576563154957,-4.431577555324012,36.17137443353773,107.44444444444444,18,0.05555555555555555,1,0.14453125,0.85546875,1.5775013244710863,-0.008439479273511097,3.1912851125001906,0.9701753906905651
169,17.899355737501416,-3.3795016251759282,32.16549763635188,107.6842105263158,19,0.10526315789473684,2,0.13720703125,0.86279296875,1.9039699105545878,-0.009491364056884777,3.8463671281933784,0.9722284497693181
170,18.945980307250704,5.23894519549186,36.92891931933933,111.77777777777777,18,0.0,0,0.1337890625,0.8662109375,1.486183969862759,-0.009353205627121497,3.009805605188012,0.9365631265565753
171,17.803954081194828,6.2330960188719295,35.841502321623395,107.3157894736842,19,0.0,0,0.12841796875,0.87158203125,1.4992423539981246,-0.010321195470169187,3.038522869348526,0.9697879472747445
172,18.220896910563074,4.468969396637005,36.48539065858774,107.73684210526316,19,0.0,0,0.12548828125,0.87451171875,1.6255363998934627,-0.00965435866091866,3.2895443465560676,0.9581411805003881
173,17.156328506158612,0.8229639065578969,34.98330895498992,105.10526315789474,19,0.05263157894736842,1,0.12451171875,0.87548828125,1.725000101700425,-0.009389059813111089,3.4884160831570625,0.9818880937993526
174,17.720988930685067,5.44720812062124,34.69244855294867,104.05263157894737,19,0.0,0,0.1298828125,0.8701171875,1.6132338190451265,-0.009140375681454316,3.264064795151353,0.965819862857461
175,15.76552111121292,-3.628784485571005,29.940798982272234,101.89473684210526,19,0.10526315789473684,2,0.11669921875,0.88330078125,2.1479167887941,-0.006719413583050482,4.328271896392107,0.9499748639762402
176,17.09755940608318,5.781720205963498,36.67889080687264,104.42105263157895,19,0.0,0,0.12158203125,0.87841796875,1.5967319356277585,-0.007794033479876816,3.228308193385601,0.9628127012401819
177,16.626965051963044,7.149450749381596,30.675196250205744,103.52631578947368,19,0.0,0,0.1318359375,0.8681640625,1.4969712801277637,-0.009114640462212265,3.0317085959017276,0.9768377687782049
178,16.342588124377897,5.292170520710431,31.235160134844133,103.21052631578948,19,0.0,0,0.12060546875,0.87939453125,1.6145566595718264,-0.008872077832347714,3.2665549609810114,0.9848744129762054
179,15.937458088525549,-4.944932985522967,33.20519880326001,102.3157894736842,19,0.05263157894736842,1,0.1044921875,0.8955078125,1.847705644927919,-0.010891142304171809,3.736858136206865,0.9832281863316894
180,15.720407342553676,5.455510613646017,29.166776620151616,104.0,19,0.05263157894736842,1,0.09765625,0.90234375,1.7887191215530038,-0.0074449359468417246,3.611934980377555,0.9803430555388332
181,15.304648890638498,-8.877780489164302,32.793138833873634,99.15,20,0.05,1,0.1162109375,0.8837890625,1.753073438256979,-0.008846155257197097,3.542985749617219,0.9573281539604068
182,16.491396583574854,4.946984934995486,28.342618141850505,102.89473684210526,19,0.05263157894736842,1,0.10546875,0.89453125,1.8222236555069684,-0.007596811087569222,3.679436583071947,0.9897829668596387
183,16.26454963136362,-8.877780489164302,36.84536385381334,100.75,20,0.05,1,0.10302734375,0.89697265625,1.7596183074638247,-0.01109030939405784,3.561272031068802,0.9927407052367926
184,16.68107271582439,6.5373981113325765,32.9636871547418,103.94736842105263,19,0.0,0,0.1044921875,0.8955078125,1.5034169819206,-0.010121196784893982,3.0468390233814717,0.9881333956494928
185,17.655189808286522,9.45989734838723,34.80838471059191,104.3157894736842,19,0.0,0,0.09912109375,0.90087890625,1.5510648351162672,-0.005553087209409569,3.1327914893627167,0.9777828458696604
186,13.134718318433567,-4.575931633360274,33.491594598425806,94.19047619047619,21,0.23809523809523808,5,0.08203125,0.91796875,2.8497113009914754,-0.008642504834278952,5.73616497553885,0.9728693958371878
187,15.985476413896828,-8.877780489164302,32.349901224418915,101.35,20,0.05,1,0.10107421875,0.89892578125,1.6720831939950584,-0.005308094483916647,3.374186620488763,0.9702023059129715
188,14.898288826636966,0.386436588245612,26.38683498585451,100.4,20,0.15,3,0.10302734375,0.89697265625,2.1798414260149004,-0.010305957030504942,4.399949604645371,0.9827422568574548
189,15.953917404026878,-8.877780489164302,26.479318893282432,101.05,20,0.05,1,0.09912109375,0.90087890625,1.609389559365809,-0.010655060372664593,3.259683532640338,0.979714211076498
190,16.4470030438638,9.846795090436991,26.230240271166274,105.47368421052632,19,0.0,0,0.10009765625,0.89990234375,1.3815286125056445,-0.00869978298433125,2.799966152012348,0.9754685737192631
191,16.601007696233594,8.650621374894936,27.1966655898185,103.05263157894737,19,0.0,0,0.10205078125,0.89794921875,1.3778337640687823,-0.006647246109787374,2.7885392107069493,0.9788593208417297
192,17.360521043692106,9.960103912790697,25.957184525525562,105.21052631578948,19,0.0,0,0.12060546875,0.87939453125,1.3668701171875,-0.007102760882116854,2.76679519303143,0.9424716172739863
193,17.102015708366256,7.9934782948784875,28.502304646249495,104.26315789473684,19,0.0,0,0.11376953125,0.88623046875,1.3830145351588725,-0.009125463807140476,2.802849368751049,0.9284685835242271
194,16.561154190637836,3.1960944260006245,23.899357792000753,104.47368421052632,19,0.05263157894736842,1,0.0986328125,0.9013671875,1.6613943725824356,-0.005262680053419899,3.3521077789366247,0.9396833779290319
195,15.351230972588292,2.9517162150250824,23.39680382219776,101.25,20,0.0,0,0.1103515625,0.8896484375,1.4499098191037774,-0.009167925920337439,2.937187408655882,0.9515962826088071
196,14.832204771139857,2.7489489237589866,21.68776275842705,101.2,20,0.05,1,0.10986328125,0.89013671875,1.6783648294396698,-0.009071984956972302,3.3939515847712753,0.9538976332172752
197,13.985801103009216,-8.512600022217171,23.331728540630046,93.80952380952381,21,0.047619047619047616,1,0.1171875,0.8828125,1.560434189811349,-0.00886383218166884,3.1579983945935965,0.970118205063045
198,14.053355424205947,2.7489489237589866,22.896627612512056,99.4,20,0.0,0,0.12060546875,0.87939453125,1.2743743020575493,-0.009826730530767236,2.5873995792120694,0.9498755667358637
199,13.942135369521106,-8.633732066659299,36.189762979901786,95.38095238095238,21,0.09523809523809523,2,0.09912109375,0.90087890625,1.8687201678752898,-0.007886586560925935,3.7723807882517577,0.9583637835457921
200,14.384481734387448,-8.731966827079678,31.772839398131925,94.66666666666667,21,0.047619047619047616,1,0.11865234375,0.88134765625,1.5366632414981722,-0.008043767450726592,3.108262261748314,0.9424122920259833
201,15.286422095819468,2.223214380168692,32.98158226694053,103.15789473684211,19,0.0,0,0.12744140625,0.87255859375,1.3085215261206031,-0.007949777078465559,2.651149812340736,0.9103603594005107
202,14.55773987689631,3.368129310960024,34.150321217473824,100.05,20,0.1,2,0.13623046875,0.86376953125,1.7603502230718733,-0.006687077967217192,3.552581688389182,0.9253548789769411
203,15.256858334824779,3.0494679321984233,30.832373523663275,102.25,20,0.0,0,0.12890625,0.87109375,1.267392433527857,-0.006167930315132253,2.5655652772635222,0.9222279865294695
204,14.963540865229268,2.365263443021337,36.06878219700418,99.95,20,0.0,0,0.1396484375,0.8603515625,1.3407695028930902,-0.00749082479160279,2.715454803407192,0.9467074463143945
205,14.13040166350191,2.407769810847437,30.006515475686555,98.05,20,0.0,0,0.16015625,0.83984375,1.2155061082914471,-0.009617784479632973,2.4689112890511753,0.9331752987578511
206,13.413147596860133,-2.7767575319578484,28.228198306032827,96.57142857142857,21,0.14285714285714285,3,0.130859375,0.869140625,2.0234931027516723,-0.007040025031892582,4.079564812406898,0.9249279771000147
207,15.49671825084379,-3.570661450691172,35.78913949548139,101.5,20,0.05,1,0.15380859375,0.84619140625,1.4782983738929034,-0.01091303592256736,2.996586873754859,0.9082025937736035
208,14.829825977545799,-7.091108472280454,35.81858964474739,95.85,20,0.05,1,0.13818359375,0.86181640625,1.532077875547111,-0.009614585860981606,3.1020974785089495,0.9356276838108897
209,14.003581057285668,-6.707172547619852,37.01551051733804,97.65,20,0.1,2,0.12158203125,0.87841796875,1.7271624095737934,-0.00659357427211944,3.485502325743437,0.8995173225179315
210,16.005034783929002,2.408835605439374,37.4867787633993,106.94736842105263,19,0.0,0,0.154296875,0.845703125,1.1865284400060774,-0.006487811684201006,2.4038430482149122,0.8905273670330643
211,14.4629414661336,-7.964648568477179,36.78193013141285,99.3,20,0.05,1,0.1376953125,0.8623046875,1.6028824524953962,-0.0054560662974836305,3.2342053789645435,0.876417339593172
212,13.554564744378359,-7.684917691789816,36.480861914201796,96.75,20,0.1,2,0.12939453125,0.87060546875,1.6649869149550796,-0.0070322543266229335,3.361580358073115,0.8771006088703871
213,13.312797772963782,-8.512600022217171,34.20449052329065,97.65,20,0.15,3,0.11962890625,0.88037109375,1.960363780334592,-0.00847519697563257,3.9552982039749622,0.8810126038268209
214,14.997454491005211,-8.58853194607683,33.551743621396405,101.05263157894737,19,0.10526315789473684,2,0.12451171875,0.87548828125,1.6565626103430986,-0.00976097740640398,3.3500463131815197,0.869956592284143
215,16.240451665516467,-5.4554611993766295,39.362635206260144,102.3,20,0.1,2,0.13720703125,0.86279296875,1.8878831578418613,-0.008174556649464648,3.808279751986265,0.8082161206752062
216,18.297490763008962,2.317296480158708,34.391276897543364,111.11111111111111,18,0.0,0,0.1376953125,0.8623046875,1.3314644088968635,-0.006500703132769558,2.692621685564518,0.8345734423026443
217,17.851133012160275,4.928920620291572,37.53609921814603,111.11111111111111,18,0.0,0,0.13232421875,0.86767578125,1.4100250635296105,-0.006010053801583126,2.8480995029211043,0.8014629667624831
218,18.359558718494295,4.518103281036611,36.08950090369583,111.88235294117646,17,0.0,0,0.11474609375,0.88525390625,1.5978685472160579,-0.006789870106149465,3.2255617819726465,0.8122471516951919
219,18.47965410979309,-3.3199114971176433,36.09014139549185,112.77777777777777,18,0.05555555555555555,1,0.126953125,0.873046875,1.6938483010977508,-0.007866314594866707,3.4194192554801703,0.7995011676102877
220,17.492535202728895,3.431410391528887,34.481120922366976,109.33333333333333,18,0.0,0,0.1455078125,0.8544921875,1.404852979257703,-0.007824887346941978,2.842247674241662,0.844597389176488
221,17.24562658830239,3.4811502027970946,36.84601085362363,111.38888888888889,18,0.0,0,0.1396484375,0.8603515625,1.3569302218034864,-0.010367799529922195,2.7507735770195723,0.8088767025619745
222,18.549512043439588,3.8060199717571503,37.994927503201,113.77777777777777,18,0.0,0,0.1357421875,0.8642578125,1.4153889935463666,-0.010263374741771258,2.866781871765852,0.7738562950864434
223,16.95005445195792,-8.32481374834032,37.49290507878361,108.77777777777777,18,0.16666666666666666,3,0.115234375,0.884765625,1.8527980411425233,-0.006479822205437813,3.7341065030544995,0.7775382021442055
224,18.764779890350333,4.230722614056967,36.761471332389604,113.66666666666667,18,0.0,0,0.13525390625,0.86474609375,1.3198163526132702,-0.009195468912366778,2.674185283854604,0.8080812921747565
225,19.451386573660546,3.9988415733348655,38.19979399231966,116.3529411764706,17,0.0,0,0.1376953125,0.8623046875,1.1997626427561046,-0.008328573137987405,2.4315367713570595,0.7677170107141137
226,19.79786148092498,4.039944157931862,39.04884037906103,117.82352941176471,17,0.0,0,0.1455078125,0.8544921875,1.2751310380175709,-0.006004705620580353,2.5778415333479643,0.778502250649035
227,18.68016122760448,4.839696622785705,36.954989404857066,113.61111111111111,18,0.0,0,0.154296875,0.845703125,1.2190756735391914,-0.007542412055772729,2.468963898345828,0.7863869236782193
228,16.23665171854578,-5.0367829615674875,33.753774523647124,112.38888888888889,18,0.1111111111111111,2,0.15625,0.84375,1.5903319135308265,-0.009983594396908302,3.2164829656481744,0.7925973614677787
229,16.339558588928295,-10.0,34.72033108185762,103.10526315789474,19,0.05263157894736842,1,0.15380859375,0.84619140625,1.5385839100927114,-0.010085329243156593,3.1130419969558716,0.7851762302219868
230,18.72567351894869,4.748302062210359,40.90316114631036,112.33333333333333,18,0.0,0,0.1689453125,0.8310546875,1.2188334117643536,-0.00909695859591011,2.4712231434881686,0.7681198386475444
231,17.626290345162825,-5.8833118141422185,38.70530535253453,110.33333333333333,18,0.05555555555555555,1,0.16845703125,0.83154296875,1.3349347199313342,-0.006875737538211979,2.6991156242787837,0.7747353775426745
232,17.905109638566458,-8.703260465523204,32.44289357549092,109.38888888888889,18,0.05555555555555555,1,0.17822265625,0.82177734375,1.416587245464325,-0.008889339739107526,2.8663556564599277,0.7701246220618486
233,17.82418088649523,4.339126439655937,37.02986320195825,109.38888888888889,18,0.0,0,0.18408203125,0.81591796875,1.2730606934055686,-0.010345634518307634,2.582117507979274,0.7652426278218627
234,16.899086193245804,3.125110847765254,33.78464332731464,106.0,19,0.0,0,0.19189453125,0.80810546875,1.349540726840496,-0.008831806556554512,2.73229905590415,0.7776991659775376
235,17.661220285135713,4.3778115547495124,36.574810293091446,107.55555555555556,18,0.0,0,0.17578125,0.82421875,1.2382009086199104,-0.005079050199128687,2.5024047840386627,0.7922433901578187
236,16.314596568940686,-8.569520519436242,27.670480464150625,101.36842105263158,19,0.05263157894736842,1,0.1923828125,0.8076171875,1.5922808757051825,-0.005606157821603119,3.2119078401476147,0.8066885381937027
237,16.09077285158269,-8.851646944563651,25.45032853113568,101.35,20,0.05,1,0.17919921875,0.82080078125,1.7391870336607098,-0.010095265437848866,3.5149234138429164,0.817940454185009
238,17.048694905125828,-2.733871573124767,29.32493520680662,106.6842105263158,19,0.05263157894736842,1,0.16357421875,0.83642578125,1.741433720290661,-0.008419825218152256,3.516338875517249,0.8315888093784451
239,17.63646210436054,7.090723540698406,26.613284551815582,107.61111111111111,18,0.0,0,0.16259765625,0.83740234375,1.1876916280947625,-0.010950159167987295,2.414327720925212,0.8522070530802012
240,19.468649248230665,7.007821829337438,25.931924340184555,110.0,18,0.0,0,0.154296875,0.845703125,1.2472353379242123,-0.006687364033132326,2.524975859001279,0.8565224481746554
241,18.89123900184959,5.5433891308374665,27.193260254775915,108.72222222222223,18,0.0,0,0.15087890625,0.84912109375,1.356373323313892,-0.009868441415892448,2.7496990796178578,0.8607775412499905
242,18.759323550269144,5.811738132838816,27.57890793069162,107.44444444444444,18,0.0,0,0.14453125,0.85546875,1.4491761678829789,-0.00782579509250354,2.931547288969159,0.8771684285253286
243,16.94992860976279,-10.0,34.60143408420935,101.55,20,0.05,1,0.15234375,0.84765625,1.8385699151083827,-0.010411707693128847,3.71561462469399,0.882568833604455
244,17.47582762382115,-9.95938518242759,34.89475158338838,104.10526315789474,19,0.05263157894736842,1,0.150390625,0.849609375,1.747234390862286,-0.007728779051103629,3.5274386260658503,0.8756152410060167
245,18.883464553182566,9.821779355132778,33.36839502226417,109.11111111111111,18,0.0,0,0.1455078125,0.8544921875,1.4029321417212486,-0.009241062213550321,2.8426267959177496,0.9140194540843367
246,17.507490115808178,1.3084311547460086,30.344022350760273,104.84210526315789,19,0.05263157894736842,1,0.1337890625,0.8662109375,1.7707926942035557,-0.010278865194413811,3.580449767410755,0.9153325881808996
247,18.503352206982047,10.632129730434515,32.048051525255445,109.0,18,0.0,0,0.13720703125,0.86279296875,1.3998618772253395,-0.008756497809372377,2.8358915727585554,0.9327410666272045
248,18.319401179301796,9.838522247295478,31.617361260276766,108.83333333333333,18,0.0,0,0.130859375,0.869140625,1.477211902476847,-0.0092743853412685,2.9910842522978784,0.905584093928337
249,17.48672114037447,0.840524029686188,31.776222196533258,108.55555555555556,18,0.1111111111111111,2,0.13134765625,0.86865234375,1.8554426114074887,-0.007942121048108675,3.7448533359915017,0.9041937373578548
250,17.1428904681859,-6.5446485476462986,33.809687351946025,105.52631578947368,19,0.05263157894736842,1,0.14697265625,0.85302734375,1.6421935594640673,-0.006678445023135282,3.315407534688711,0.8831767981871963
251,19.0173236798338,6.385415693327499,33.75726538815299,108.83333333333333,18,0.05555555555555555,1,0.1376953125,0.8623046875,1.737372988462448,-0.0082930118922377,3.508635189384222,0.8651589697226882
252,20.834588609652503,9.382943896725607,34.212125743897786,113.0,18,0.0,0,0.15234375,0.84765625,1.5449932992458344,-0.009136537347512786,3.1258163802325725,0.8778352119028568
253,20.51608950515818,-3.8165161340255045,35.50375284430673,115.52941176470588,17,0.058823529411764705,1,0.1298828125,0.8701171875,1.6276657059788704,-0.013812253120704554,3.3002742122858764,0.865915204770863
254,19.243850214093285,11.361918155185347,34.376599619804544,112.88888888888889,18,0.0,0,0.14306640625,0.85693359375,1.342440965399146,-0.009465501399245114,2.7215097527951,0.8848408129066229
255,20.23469365910638,8.864600536880284,35.240520521012144,113.05555555555556,18,0.0,0,0.154296875,0.845703125,1.4714961839839815,-0.009886629116954282,2.9806379854679106,0.8936179850250483
256,20.793315657583957,9.92176445629943,37.431952145454986,113.0,18,0.0,0,0.146484375,0.853515625,1.4115809384733438,-0.01152285877324175,2.864087927341461,0.8940166272222996
257,17.070714503192903,-6.780738212888812,35.86034099222511,101.45,20,0.1,2,0.14208984375,0.85791015625,2.293029296770692,-0.008040858808089978,4.6203348830342295,0.9097294487059117
258,20.467702896653968,10.046179852193468,35.170185889551,111.72222222222223,18,0.0,0,0.1435546875,0.8564453125,1.4418223349377512,-0.00861720903776586,2.919174065813422,0.9147485412657261
259,18.735216328745793,6.009929853902749,35.02077199642114,107.26315789473684,19,0.05263157894736842,1,0.15771484375,0.84228515625,1.69674686845392,-0.00814282669161912,3.4282940313220025,0.9257318742573262
260,18.095938314473802,5.878939296480789,32.69391248275839,105.73684210526316,19,0.0,0,0.15478515625,0.84521484375,1.6780412130057811,-0.011626880409312434,3.397603488340974,0.9133650114759803
261,17.55206223674192,5.489521095747205,35.673791420509296,104.63157894736842,19,0.0,0,0.173828125,0.826171875,1.4017809132114052,-0.01064401023031678,2.8433023311197756,0.9226246811449528
262,17.920131966942765,5.700511822548095,35.143151168725694,107.73684210526316,19,0.0,0,0.1552734375,0.8447265625,1.3832243002951146,-0.006731321227562148,2.798039449006319,0.9064103337004781
263,18.34516830110501,4.61415838075087,34.49209386723022,110.16666666666667,18,0.0,0,0.150390625,0.849609375,1.3225645868107676,-0.009468405961524696,2.6826769188046455,0.9305467976257205
264,19.04311961798727,5.127794781800196,34.33393065568873,109.11111111111111,18,0.0,0,0.15185546875,0.84814453125,1.4893835546448826,-0.006717891513835639,3.010331826284528,0.9064467657357455
265,20.24906900116163,5.734511493473823,35.835112428113,112.5,18,0.0,0,0.15625,0.84375,1.4240444721654058,-0.008465417276602239,2.8831818249076604,0.9081027058884501
266,19.049074283235093,2.1991527271267888,35.97300315524246,111.22222222222223,18,0.05555555555555555,1,0.14013671875,0.85986328125,1.6588748386129737,-0.010340960133180487,3.356502541899681,0.9035477373749018
267,19.70443787873201,6.074967763225788,35.5026940532845,114.3529411764706,17,0.0,0,0.15185546875,0.84814453125,1.3770190577954053,-0.0095344884932274,2.79116889052093,0.9030893094837665
268,20.254083539296033,5.960806785414521,32.86764299704973,115.0,17,0.0,0,0.12939453125,0.87060546875,1.4388976838439702,-0.00812427446944639,2.9119803380221128,0.8968209752812981
269,18.944783337422418,4.5083121778293975,29.585583251106172,114.17647058823529,17,0.0,0,0.13037109375,0.86962890625,1.4738390665501355,-0.009735488283331506,2.9850143220275642,0.8932607186958194
270,18.436899642138563,2.6860951343953605,30.674869473313468,109.83333333333333,18,0.05555555555555555,1,0.11865234375,0.88134765625,1.714965807273984,-0.006831417922512628,3.4611832350492477,0.8794392632320523
271,19.962419706246198,6.33464814619755,32.83453369450563,113.70588235294117,17,0.0,0,0.119140625,0.880859375,1.5197179842740298,-0.010144767303427216,3.0771915920078756,0.8733044689521193
272,20.936898582801934,5.507964256984231,32.814157229748815,116.47058823529412,17,0.0,0,0.1181640625,0.8818359375,1.5488631416112184,-0.00907891555398237,3.1330064442008734,0.8561163075268269
273,19.018056305167057,4.914875649768558,29.565401962370558,113.16666666666667,18,0.0,0,0.12255859375,0.87744140625,1.4677038179710507,-0.006707964837551117,2.966488382965326,0.8832408733665943
274,17.241987517095843,-4.968185127476389,30.659217692754076,106.52631578947368,19,0.10526315789473684,2,0.11669921875,0.88330078125,2.191772365197539,-0.008866199926706031,4.418455059826374,0.8588965605944395
275,18.466620497878196,6.224088615831668,28.97883635616015,113.33333333333333,18,0.0,0,0.1220703125,0.8779296875,1.4301098242402077,-0.006042249964957591,2.8897779166698454,0.8736886832863092
276,18.10275661213585,5.93190562274364,30.741077897416208,111.61111111111111,18,0.05555555555555555,1,0.1142578125,0.8857421875,1.7104565841145813,-0.007454129189136438,3.4530896000564097,0.86340849455446
277,19.29922661000076,6.317743881485498,30.485209583959122,113.72222222222223,18,0.0,0,0.13232421875,0.86767578125,1.4546814493834972,-0.006495107825321611,2.9396917771548035,0.8669333435595036
278,19.51175014905317,7.406124547824453,28.691394224419525,116.05882352941177,17,0.0,0,0.13134765625,0.86865234375,1.4174304602667689,-0.006418518366990611,2.865074460953474,0.8688252260908484
279,19.111176778231503,-6.2495916969184755,29.4402490163108,112.94444444444444,18,0.05555555555555555,1,0.11328125,0.88671875,1.8020281318575144,-0.007057253527455032,3.635814742743969,0.8821982065215707
280,18.103754293656124,1.2149688994873244,29.582430707449564,111.66666666666667,18,0.1111111111111111,2,0.12548828125,0.87451171875,2.785662642866373,-0.009380672455881723,5.607890246063471,0.8901809131726622
281,19.454724971680392,-1.0569469677163248,31.200343504130444,109.5,18,0.05555555555555555,1,0.13623046875,0.86376953125,1.9372342366725206,-0.00644204618583899,3.9050613939762115,0.8854414865374565
282,19.470343212671455,10.128011969739884,29.95280260205436,110.5,18,0.0,0,0.1337890625,0.8662109375,1.6245278108865022,-0.005940500827273354,3.2785347025841474,0.8799034938216209
283,18.904356706940447,-3.517743451902617,30.844021811277205,108.77777777777777,18,0.05555555555555555,1,0.138671875,0.861328125,1.8647671170532703,-0.005657740580500103,3.758293182775378,0.8721735810860991
284,19.73018130690197,8.49716087722891,29.672936591597416,109.5,18,0.0,0,0.14599609375,0.85400390625,1.5367935225367546,-0.00691177586268168,3.104707344248891,0.8648371946066618
285,17.0043171449994,-0.3698053211365462,28.174995107961212,105.42105263157895,19,0.05263157894736842,1,0.1708984375,0.8291015625,1.7616946110501885,-0.006898501131217927,3.5543557666242123,0.8584770515561104
286,17.394156449551694,-0.8014059269226834,31.36191172012905,104.63157894736842,19,0.10526315789473684,2,0.15771484375,0.84228515625,1.8785945925861598,-0.009389360729255714,3.792899988219142,0.846603176370263
287,17.43314663371624,8.454238954177848,32.36799577176603,104.94736842105263,19,0.05263157894736842,1,0.16455078125,0.83544921875,1.7606143640354275,-0.010826252470724284,3.5600103732198476,0.8564569467678667
288,18.82072154003752,8.465718471353673,35.649974415699475,107.77777777777777,18,0.0,0,0.16162109375,0.83837890625,1.3256763866171242,-0.009084921528119594,2.6863008622080087,0.8389125142246485
289,17.76541245308692,6.240456168207545,34.085982207026056,105.63157894736842,19,0.0,0,0.16064453125,0.83935546875,1.3235934019088744,-0.007358967031177599,2.6785450395196677,0.8320151241496205
290,16.589873224813058,-0.26384702425684736,32.98415794083884,104.73684210526316,19,0.05263157894736842,1,0.17919921875,0.82080078125,1.5168673099949956,-0.007000963798782322,3.0647196218371393,0.8491535628214478
291,18.28543198673104,8.552483721474001,35.09636270897383,106.26315789473684,19,0.0,0,0.1650390625,0.8349609375,1.252187425084412,-0.005897545622428879,2.532983464375138,0.8406766146421433
292,18.441862482502437,10.161766081756213,31.71455144471745,107.3157894736842,19,0.0,0,0.15283203125,0.84716796875,1.260139891318977,-0.006186417187564075,2.549666729196906,0.8507055481895804
293,18.449241438309297,11.186454338493357,34.81905405878934,106.6842105263158,19,0.0,0,0.1474609375,0.8525390625,1.2193307843059302,-0.008887120684084948,2.472885961085558,0.8225076220929622
294,16.851879042546486,0.8188989874935828,35.23722374462055,104.21052631578948,19,0.05263157894736842,1,0.1640625,0.8359375,1.5258359462954103,-0.007530605810461566,3.0829251632094383,0.8096033338457346
295,18.436417395326202,11.888638801915702,34.506749019446296,105.6842105263158,19,0.0,0,0.1572265625,0.8427734375,1.2358926098793745,-0.006124388767057098,2.5000207394361498,0.7993370547890664
296,16.936540178170993,-6.889589511025841,34.2884255425559,103.94736842105263,19,0.05263157894736842,1,0.16015625,0.83984375,1.5914750484749676,-0.00908722367748851,3.216659962758422,0.7767705889418721
297,18.898892287452302,9.580446803769208,31.749485022985937,108.38888888888889,18,0.0,0,0.16455078125,0.83544921875,1.1688996186479925,-0.00809309687174391,2.3692670494318007,0.7640806568786502
298,18.68239161343371,10.377135486563317,35.91330406645689,109.5,18,0.0,0,0.1484375,0.8515625,1.1614962346851825,-0.00802529011562001,2.354796052724123,0.7876504443585872
299,19.25925017314143,9.253091618388314,34.406973344991364,109.83333333333333,18,0.0,0,0.1494140625,0.8505859375,1.2113960183225572,-0.007176494441227988,2.4529582291841505,0.7906603153795004
300,19.221330040318,10.541365818613905,35.915927508013155,110.33333333333333,18,0.0,0,0.1416015625,0.8583984375,1.207734523061663,-0.009574274806072935,2.450618317350745,0.8000362794846296
301,18.430834731755052,8.815180868488179,33.78498118650303,109.27777777777777,18,0.0,0,0.14697265625,0.85302734375,1.246564481779933,-0.008161388438020367,2.5258366391062737,0.8192450877279043
302,19.144154722585764,8.460799052762585,35.21704440061921,110.05555555555556,18,0.0,0,0.1396484375,0.8603515625,1.3530005262233318,-0.0063994523268775085,2.734644654765725,0.7922346726059913
303,19.653808952783923,8.85931903811602,33.53616322880941,113.6470588235294,17,0.0,0,0.12353515625,0.87646484375,1.3464773017913103,-0.008646623164531774,2.7255825463682415,0.76673469170928
304,17.435667501712484,-10.0,31.868617202333386,105.73684210526316,19,0.05263157894736842,1,0.1279296875,0.8720703125,1.6797144509851933,-0.006235623231623322,3.387859135121107,0.7979486348107457
305,18.51376879303615,8.859319038116022,33.16289847019741,113.05555555555556,18,0.05555555555555555,1,0.11181640625,0.88818359375,1.6823808889836074,-0.010350346280029043,3.40149158872664,0.8014562647789717
306,15.981024721066749,-0.6422510502237326,33.01379354037125,106.33333333333333,18,0.1111111111111111,2,0.1083984375,0.8916015625,1.9805562010034918,-0.006324092741124332,3.9901350565254687,0.8187231957912445
307,15.131010420989089,-10.0,30.829331074716993,100.2,20,0.15,3,0.09814453125,0.90185546875,3.4404127353802325,-0.008831681705487426,6.915121415257454,0.8316289708018303
308,18.97904532655446,8.675818900532326,32.515380948874615,113.61111111111111,18,0.05555555555555555,1,0.10009765625,0.89990234375,1.7850117065012454,-0.007361759207560681,3.6016953106969596,0.8474189242348075
309,17.678215891080868,-4.762939162739358,33.68045133618346,109.33333333333333,18,0.1111111111111111,2,0.1025390625,0.8974609375,2.1052147266454995,-0.007830260122136678,4.242850634455681,0.8380330478772521
310,17.84399756399012,-0.5218449353229193,33.06304086967541,110.0,18,0.05555555555555555,1,0.10595703125,0.89404296875,1.8115171836689115,-0.008366694317373913,3.6563998486846687,0.8316040467470884
311,17.324681837866155,-0.536324746349873,33.79212074730431,111.55555555555556,18,0.1111111111111111,2,0.12109375,0.87890625,1.9187308967113494,-0.008338197905686684,3.870336002856493,0.809890640154481
312,16.914524672063223,1.6873282494760407,33.597708299178194,110.16666666666667,18,0.05555555555555555,1,0.1201171875,0.8798828125,1.7902238497510552,-0.007396855819388292,3.611574897542596,0.8166741717606782
313,16.044018077947424,-4.6515882294505415,31.926512131254587,107.10526315789474,19,0.10526315789473684,2,0.12255859375,0.87744140625,2.1447629598900675,-0.010314171068603172,4.326376831158996,0.8111289795488119
314,17.62305545326871,4.0102736305607785,32.687379478771575,112.61111111111111,18,0.05555555555555555,1,0.13525390625,0.86474609375,1.7502847589552402,-0.007583174220053479,3.531844088062644,0.8054109537974
315,15.278328134601182,-10.0,34.37739307512381,105.10526315789474,19,0.15789473684210525,3,0.11572265625,0.88427734375,2.278305760771036,-0.006760733293776866,4.586282105371356,0.8074569720774889
316,15.48576077990737,-10.0,32.06837186970682,105.42105263157895,19,0.21052631578947367,4,0.125,0.875,2.2884963765740394,-0.00810920164367417,4.609434528648853,0.8111679339781404
317,13.396173093846699,-10.0,29.562650803214865,99.95,20,0.2,4,0.11376953125,0.88623046875,2.2769177604466675,-0.005449519198737107,4.582071530818939,0.8668483771383763
318,13.469714089949445,-1.968529690829799,30.617917092166753,100.3,20,0.15,3,0.1298828125,0.8701171875,2.2306296223774553,-0.008487011592660566,4.495521685108542,0.8644208101555705
319,15.898582945590249,2.184935247610161,30.424346931502516,104.47368421052632,19,0.05263157894736842,1,0.14404296875,0.85595703125,1.7841854479163886,-0.009757416340289638,3.605481704324484,0.8797991078346967
320,13.816830800545224,-10.0,32.243336470194116,99.1,20,0.15,3,0.13330078125,0.86669921875,2.147384024783969,-0.009750699062715284,4.331579057872295,0.8654799913987518
321,15.837448961809875,4.136410334976245,30.492600509468733,107.66666666666667,18,0.05555555555555555,1,0.13134765625,0.86865234375,1.5805835098959506,-0.010127067702705972,3.1986635280773044,0.8621181730180979
322,15.575677206480174,-6.4114514644814085,31.817405094614955,107.36842105263158,19,0.05263157894736842,1,0.1318359375,0.8681640625,3.3242847440764307,-0.010935128259734483,6.6875959422439335,0.8578098179772496
323,16.294879766545296,4.190509402723148,29.90812819503719,106.52631578947368,19,0.05263157894736842,1,0.146484375,0.853515625,1.507300592865795,-0.009013937617419287,3.049363290145993,0.8367110967636109
324,17.579650795621507,3.2482900080525225,32.93732979540434,111.38888888888889,18,0.0,0,0.1328125,0.8671875,1.2727773843333126,-0.010445568393333816,2.5831215642392635,0.8337831683456898
325,16.654063130908515,4.501835363452584,29.842361404099048,107.78947368421052,19,0.0,0,0.13818359375,0.86181640625,1.1722540306858718,-0.008174330482142977,2.3774178296327593,0.8280549272894859
326,15.193546979337738,-3.0298146831609545,28.591400204791658,102.78947368421052,19,0.05263157894736842,1,0.12255859375,0.87744140625,1.4571617163717747,-0.00504052629112266,2.9411716878414156,0.838360495865345
327,13.913872790556713,-5.237516386169683,28.99541399266807,102.1,20,0.15,3,0.11328125,0.88671875,1.8304281880147755,-0.007790542146540247,3.6929281804710627,0.8245362853631377
328,12.519969492230624,-3.0387134772586704,25.093372467163263,96.5,20,0.15,3,0.125,0.875,2.0007934767752884,-0.0062125408934662115,4.030721340328455,0.8354652367532254
329,16.958757382200798,4.3486170990000454,28.174492873265542,106.73684210526316,19,0.0,0,0.126953125,0.873046875,1.1739033797755838,-0.00423202367965132,2.372820867598057,0.8275031238794327
330,15.615207415234414,-1.9800260981770883,28.38206200948166,106.42105263157895,19,0.05263157894736842,1,0.1357421875,0.8642578125,1.3278063284233212,-0.00809557517641224,2.68817651681602,0.8186354378238321
331,14.549789094987787,-4.005828455913563,28.557167029842457,100.15,20,0.15,3,0.13037109375,0.86962890625,3.498255058377981,-0.0055676202289760114,7.024088382348419,0.8221513394266367
332,16.69072519324621,-2.6370035440389996,31.784647806951238,106.57894736842105,19,0.05263157894736842,1,0.13037109375,0.86962890625,1.4078027712181211,-0.0076637137462967075,2.8471604716032743,0.8113749461248517
333,14.945029213077285,-3.935087081085568,31.228282222568048,99.4,20,0.1,2,0.12890625,0.87109375,1.8549328916706145,-0.008074197149835528,3.7423898559063673,0.8187829988077283
334,13.786047551502719,-3.3787047818765954,28.16887366241379,96.95,20,0.15,3,0.130859375,0.869140625,2.0390524929389358,-0.006703838302928489,4.107372057810426,0.7929695246741175
335,16.718635135666,3.5819483284269857,32.655550885172815,104.73684210526316,19,0.0,0,0.1416015625,0.8583984375,1.2233915120363235,-0.007270742120454088,2.477052494138479,0.7863994535058737
336,15.735837106811237,-2.1406786179023065,32.42914203795861,101.65,20,0.05,1,0.1650390625,0.8349609375,1.7143919770605862,-0.00959900566667784,3.4636099498718975,0.7813992869108916
337,17.519681597219055,3.7258760373161763,30.58098319965605,107.15789473684211,19,0.0,0,0.1611328125,0.8388671875,1.2772986249066889,-0.008992316852527438,2.5878707990050316,0.7644460057839751
338,17.08827001461296,3.5059571320274596,27.688833363646467,103.57894736842105,19,0.0,0,0.16064453125,0.83935546875,2.0513669116422535,-0.009495675060315989,4.137501498684287,0.7888160046190024
339,17.28428846864886,5.486750838161604,31.477919086791864,103.42105263157895,19,0.0,0,0.1435546875,0.8564453125,1.3143397726118564,-0.007652116008102894,2.659561938047409,0.7789079016074538
340,15.301271247955546,-2.1247692876355995,28.301438922352126,95.6,20,0.05,1,0.15625,0.84375,1.711649321205914,-0.0049876626260811465,3.4493147414177656,0.8020388349890709
341,17.41187014767611,8.91328760177841,27.211085753410376,101.36842105263158,19,0.0,0,0.15234375,0.84765625,1.3263322489336133,-0.008696334552951157,2.6862067088484762,0.8074771655723453
342,17.598566012830187,8.54185627808846,32.27059038574206,102.94736842105263,19,0.0,0,0.14599609375,0.85400390625,1.2570878360420465,-0.009211683548346627,2.54893262013793,0.8166791459545493
343,16.7226403811936,-10.0,29.74598323216318,99.2,20,0.05,1,0.125,0.875,1.6752892019227148,-0.008562593161332187,3.38421107493341,0.8253746027126908
344,16.072336415799217,-10.0,30.032204994373213,98.05,20,0.1,2,0.1181640625,0.8818359375,2.080972058698535,-0.004926148906815797,4.1882434919476506,0.8223534105345607
345,17.394092829727498,-6.992093606782959,30.224560592759612,101.6,20,0.1,2,0.111328125,0.888671875,1.7409127239137887,-0.004550776146061253,3.5073004733771085,0.8186740064993501
346,17.135468619001344,-8.905080447455097,30.245758003502424,101.3,20,0.05,1,0.12158203125,0.87841796875,1.6621649676933885,-0.0076765882055042315,3.356146364286542,0.8231627095490694
347,18.193369943711662,7.917463447003088,30.462987907372742,104.10526315789474,19,0.0,0,0.12890625,0.87109375,1.3504180070012808,-0.006751380924833938,2.730663725361228,0.816247446462512
348,19.475482997092044,8.058618677156579,30.028942838096476,105.78947368421052,19,0.0,0,0.125,0.875,3.36542457267642,-0.006601128958573099,6.7602296862751245,0.8089142242446542
349,16.25659108095013,-10.0,31.657978824712377,98.9,20,0.1,2,0.1201171875,0.8798828125,1.952985436655581,-0.009562667728459928,3.941787200793624,0.8345499960705638
350,17.545580787011033,-0.9968655576446075,28.677085149520284,101.0,20,0.05,1,0.11669921875,0.88330078125,1.6296634698286652,-0.010251478553982452,3.2962405547499656,0.8205325530841947
351,17.027027957790946,-7.590349591927227,31.655476867236203,98.55,20,0.1,2,0.11572265625,0.88427734375,4.136081161536277,-0.006737734322086908,8.301870375126601,0.811629724688828
352,18.098778833669957,-9.11035045348614,32.09529033366595,102.3157894736842,19,0.05263157894736842,1,0.1162109375,0.8837890625,1.7918724931776524,-0.005245397630642401,3.6107346154749393,0.824941579438746
353,17.892545806750697,-5.597948801175489,31.283717964576624,101.95,20,0.05,1,0.13525390625,0.86474609375,1.6928474886342884,-0.008203914859041105,3.4187817219644785,0.8339456075802445
354,19.557840356783384,8.366601462437965,30.330969241015705,105.73684210526316,19,0.0,0,0.12646484375,0.87353515625,1.306065775640309,-0.01083411803265335,2.650171849504113,0.8186027001589536
355,18.37800429737525,-5.862163654399179,31.399541937871543,102.0,20,0.05,1,0.1123046875,0.8876953125,4.028526174835861,-0.00815068300726125,8.090059620141982,0.8352952176705003
356,19.603957499702204,-6.442353003867927,31.361547674472057,102.35,20,0.05,1,0.1103515625,0.8896484375,1.6575635394081474,-0.008999425257206895,3.3498478792607784,0.8360974960029125
357,21.18117877204333,10.52343878601492,32.55887042692426,107.26315789473684,19,0.0,0,0.1220703125,0.8779296875,1.311761986091733,-0.008849908033153043,2.658104427903891,0.8440322818234562
358,19.16183557440294,-6.842934747893655,31.03690073982393,102.89473684210526,19,0.05263157894736842,1,0.115234375,0.884765625,1.770713313855231,-0.0054856734757777305,3.569108946621418,0.8355487015098333
359,19.797098795481798,9.445874398845023,29.65655470177518,105.42105263157895,19,0.0,0,0.11083984375,0.88916015625,1.3234890654683114,-0.009364189671759959,2.6826191678643228,0.8456325819715858
360,17.437576406158502,-7.781146983765904,32.55922695722546,97.38095238095238,21,0.14285714285714285,3,0.0966796875,0.9033203125,2.346595356427133,-0.01098826599190943,4.73162550367415,0.822912235558033
361,18.668852740519704,-6.129275646610437,30.673423925705727,101.4,20,0.05,1,0.10986328125,0.89013671875,1.7187282186932862,-0.009503140227752737,3.4732985135167835,0.8417887525632978
362,18.993276330704152,10.937849016264549,30.792508815577165,103.10526315789474,19,0.0,0,0.10595703125,0.89404296875,1.4427415236830712,-0.00934262634254992,2.920840047299862,0.8335873542353511
363,18.019893065091818,-6.1686508959523785,32.04391017958429,98.7,20,0.1,2,0.09375,0.90625,2.007340692356229,-0.007254839401866775,4.045838324353099,0.83236253131181
364,19.390568154537416,-5.862163654399179,30.998868867095265,101.85,20,0.05,1,0.09912109375,0.90087890625,1.8740512466058135,-0.00558127642434556,3.7759335774928333,0.8334260899573565
365,17.987958547520197,-5.561501347285633,30.210492305409904,99.25,20,0.05,1,0.09765625,0.90234375,1.792223028000444,-0.008091707882704214,3.617659333720803,0.8514932531863451
366,17.81156868564094,-5.862163654399179,32.34823333135124,97.65,20,0.1,2,0.09228515625,0.90771484375,2.1205422604456543,-0.006457939196843654,4.270872330665588,0.8435961212962866
367,17.64565609332555,-5.334713411127193,31.444780456541565,99.85,20,0.05,1,0.115234375,0.884765625,1.7433771407231688,-0.0077877691524918195,3.5194091856479646,0.8539682295173406
368,16.793603083007493,-5.7179655072474995,29.97041496093722,96.35,20,0.1,2,0.115234375,0.884765625,2.0939573500305415,-0.0068123524804832416,4.218610019609332,0.8535309977829456
369,19.247060043471375,9.36171306885797,29.227264934312277,104.52631578947368,19,0.0,0,0.11865234375,0.88134765625,1.4964718094095588,-0.006235060645849444,3.02247529104352,0.8530775966122747
370,17.41622077026212,-6.041479524930207,30.105631431645275,98.55,20,0.05,1,0.12744140625,0.87255859375,1.836047723889351,-0.006087403383571654,3.7016182016581296,0.8673979375511408
371,17.315850321207737,8.3908316842884,28.65258466142936,102.15,20,0.05,1,0.1298828125,0.8701171875,1.5988391721621156,-0.006616452643356752,3.2284290943294764,0.8758923083543777
372,16.936453537597643,-6.335729545773482,30.806860760472834,98.4,20,0.1,2,0.1240234375,0.8759765625,1.8172861583530904,-0.00655581247410737,3.665014572441578,0.8665314968675375
373,17.85219139923882,1.1883597395691776,33.20323378005217,101.2,20,0.05,1,0.11669921875,0.88330078125,1.7291528638452291,-0.009195558118517511,3.4943527463823556,0.882795387879014
374,17.460162921519533,9.250495518577768,32.82710610553959,100.3,20,0.0,0,0.13720703125,0.86279296875,1.4837006120011211,-0.009287265472812578,3.003629954531789,0.8827096708118916
375,17.76036564832999,9.057555536433144,29.065601449242592,102.3,20,0.0,0,0.126953125,0.873046875,1.4069802088662982,-0.008120240640710107,2.8479862246662377,0.8892663352191448
376,17.26903586150571,1.4316173539609789,28.093918135177894,102.4,20,0.05,1,0.1162109375,0.8837890625,1.4429845489561557,-0.009946882116491907,2.9229966193437575,0.8566887630149722
377,17.00777555315733,-6.63976511083838,29.0421213734222,99.1,20,0.05,1,0.12109375,0.87890625,1.6421955503523349,-0.011584750935435295,3.3247707575559615,0.8605073325335979
378,16.614011810645714,3.574465817703743,29.630563855362965,101.45,20,0.1,2,0.1171875,0.8828125,2.490315093100071,-0.009453304862836376,5.016969814896584,0.8716517861932516
379,17.612075192896107,7.544206741772672,29.064419978080135,103.15789473684211,19,0.0,0,0.11865234375,0.88134765625,1.2550050029531121,-0.006532298159436322,2.5404338125139474,0.8679607473313808
380,17.775814044156316,8.410170754820548,29.50003920960281,103.3157894736842,19,0.0,0,0.10498046875,0.89501953125,1.3329827840439976,-0.008269869512878359,2.699689694494009,0.8592196740210056
381,18.107731436452962,9.382208281293462,28.989108711771443,102.6842105263158,19,0.0,0,0.13330078125,0.86669921875,1.3654978880658746,-0.007743771653622389,2.763479734957218,0.8498204361647368
382,17.962734135299065,6.277072892972046,29.302946286221214,101.6,20,0.0,0,0.138671875,0.861328125,1.507544789277017,-0.008345107204513624,3.0487801253795626,0.8500167077407241
383,17.691286808064575,5.473084583026365,29.138952445821204,102.10526315789474,19,0.0,0,0.14306640625,0.85693359375,1.4638619320467114,-0.009623657932388596,2.963524213805795,0.8276517432183027
384,18.314840398112626,5.488366532437324,29.063400402685822,103.84210526315789,19,0.0,0,0.1474609375,0.8525390625,1.4274996294640006,-0.010670208313968033,2.892995200306177,0.8327765563502908
385,18.49961813837816,4.439988483690866,27.780279533664284,104.57894736842105,19,0.0,0,0.15869140625,0.84130859375,1.3734268096275628,-0.009341749860323035,2.7815675884485245,0.8015233827754855
386,19.527789310755285,6.809075799112247,29.376383558354064,107.63157894736842,19,0.0,0,0.13916015625,0.86083984375,1.217711159121245,-0.008827266641310417,2.46898088529706,0.7952014442533255
387,17.76253714940595,-8.942668304025448,31.039376951956957,101.3,20,0.05,1,0.13671875,0.86328125,1.5907237252220512,-0.006754881610686425,3.2107863906770944,0.7914585348218679
388,19.76013681044361,3.357800862763633,31.58027601566771,109.27777777777777,18,0.0,0,0.1318359375,0.8681640625,1.3041377709247173,-0.009663136588642374,2.643014971166849,0.7706575205549597
389,19.39418740802415,6.662293742274,30.989062635407958,105.73684210526316,19,0.0,0,0.1220703125,0.8779296875,1.205068288743496,-0.007164634413493331,2.4405440595000982,0.8039103193208575
390,18.192495766780908,-3.042607801050824,32.79876605979248,102.78947368421052,19,0.05263157894736842,1,0.11328125,0.88671875,1.559855566546321,-0.0048317128326743845,3.1453938506543637,0.800964917242527
391,19.348728619092185,-8.942668304025448,31.90163268777868,105.47368421052632,19,0.05263157894736842,1,0.09814453125,0.90185546875,1.3558625387959182,-0.009117014288494828,2.746149568259716,0.8095229990780354
392,18.704395864183123,-6.275344704575213,32.13465275251512,107.36842105263158,19,0.10526315789473684,2,0.10009765625,0.89990234375,1.7009846786037088,-0.01279962511616759,3.443646815791726,0.8039102602750063
393,17.980325234496974,-8.942668304025448,33.865995355568536,103.15789473684211,19,0.10526315789473684,2,0.10205078125,0.89794921875,1.6487394007854164,-0.007673663986497559,3.3283606760203837,0.7767271833494306
394,20.420603198108754,8.875305145313225,30.820731199641983,109.11111111111111,18,0.0,0,0.09228515625,0.90771484375,1.2258969047106802,-0.006053148438513745,2.4798714838922025,0.7985686797648668
395,20.691743064041695,-7.209923115801547,33.554743960847055,111.88888888888889,18,0.05555555555555555,1,0.087890625,0.912109375,1.5095010089688004,-0.008991631830576807,3.053062530234456,0.8038623528555036
396,20.448918320358665,-6.80134189989654,33.33669082282644,112.33333333333333,18,0.05555555555555555,1,0.0927734375,0.9072265625,1.4509389326907693,-0.008229327178560198,2.9340597689151764,0.786162469536066
397,20.20113581355369,-5.397583701329167,32.60497089592318,111.11111111111111,18,0.05555555555555555,1,0.09619140625,0.90380859375,1.4165403679013253,-0.01093385173699062,2.8704729944467546,0.7762277765199542
398,20.177696158841826,8.477886028696288,32.150205484506735,113.0,18,0.1111111111111111,2,0.08056640625,0.91943359375,1.5974367739632727,-0.00906287238758523,3.228618942946196,0.7809825826436281
399,20.628841953574096,-5.328559629804076,31.10729102949475,115.0,17,0.058823529411764705,1,0.09423828125,0.90576171875,1.305166899971664,-0.00995719070197083,2.6459133334457876,0.7832575500011444
400,20.47139347353638,8.574250554542838,30.594274326386394,115.29411764705883,17,0.0,0,0.1015625,0.8984375,1.1567960192449391,-0.004673884832300246,2.3388654969632627,0.7962845411151648
401,19.13934729670803,-2.1077599390121415,32.04398822416179,111.77777777777777,18,0.1111111111111111,2,0.10107421875,0.89892578125,1.6631089139729738,-0.008521773605025373,3.3588707726448774,0.7804699044674634
402,20.913524935442805,8.147071590245227,32.10295017651989,115.76470588235294,17,0.0,0,0.10009765625,0.89990234375,1.1845705007202922,-0.007056643936084584,2.398835991881788,0.7790850546211004
403,19.934368968505265,-6.784163158716171,32.8405437506819,113.77777777777777,18,0.05555555555555555,1,0.080078125,0.919921875,1.6472706906497478,-0.010128699759661686,3.3306767992675304,0.7939006645232439
404,20.515834898009636,8.041756815351706,34.66138816778712,114.6470588235294,17,0.0,0,0.10546875,0.89453125,1.2784685215912759,-0.007205370476003736,2.587064877152443,0.7858545254915953
405,20.363143857893945,8.5550890428981,33.61206593243644,112.0,18,0.0,0,0.09326171875,0.90673828125,1.3248813287355006,-0.008186442166334018,2.6821103252470495,0.7987391503527761
406,21.499791648046394,9.21863822417051,33.712237214964375,113.3529411764706,17,0.0,0,0.09326171875,0.90673828125,1.3062560788355768,-0.00696925480151549,2.642570126801729,0.8059729311615229
407,21.540146835539424,8.28998986903527,34.135691883148134,116.3529411764706,17,0.0,0,0.09619140625,0.90380859375,1.327066593244672,-0.0070782608643639834,2.6844081938266755,0.8059246422722935
408,23.040155940298792,8.316610792336448,33.771914018976766,119.70588235294117,17,0.0,0,0.09130859375,0.90869140625,3.7733060602098702,-0.007134193075762596,7.576760160177946,0.793983211927116
409,21.905393372740708,8.824122565535914,32.94597586991044,116.41176470588235,17,0.0,0,0.09765625,0.90234375,1.2391912661027162,-0.007503762262058444,2.5091960210353137,0.7902983350679278
410,21.728105843957206,9.137007515236201,33.77864247075199,117.05882352941177,17,0.0,0,0.08837890625,0.91162109375,1.293594133714214,-0.008218363333435263,2.6192985164001583,0.7836762346327305
411,21.725236291429898,9.622865065112334,32.720823377654675,114.29411764705883,17,0.0,0,0.0859375,0.9140625,1.3417235411703587,-0.009702022561396007,2.71881113499403,0.7980007376521826
412,20.652137877057687,7.453395823819728,36.28351875328851,113.29411764705883,17,0.11764705882352941,2,0.083984375,0.916015625,1.9022634847089648,-0.006858956653741188,3.834206727519631,0.7980920391157269
413,22.192630974243873,8.83038056691082,35.073904214487335,117.23529411764706,17,0.058823529411764705,1,0.08056640625,0.91943359375,1.4349384325556458,-0.0019860133150359617,2.8901220489293338,0.8136579068377614
414,19.444540565428404,-4.449685480133128,34.67846912350008,107.10526315789474,19,0.10526315789473684,2,0.09033203125,0.90966796875,1.9389123877510428,-0.008633205623482354,3.9113872438669204,0.8148035617545247
415,21.16334238930923,-7.559471268965996,40.01407787265949,112.38888888888889,18,0.1111111111111111,2,0.08642578125,0.91357421875,1.7205346637405454,-0.005118958932871465,3.467161113768816,0.7926939019933343
416,20.468452395346954,7.406393668740446,31.965257234440728,111.0,18,0.1111111111111111,2,0.0927734375,0.9072265625,1.8049072640947998,-0.00829401969385799,3.642429521307349,0.8013476327061653
417,19.918892520403308,-6.753697156745152,35.18195822429892,108.72222222222223,18,0.1111111111111111,2,0.08203125,0.91796875,1.8411464447155594,-0.007384033696143888,3.713455943763256,0.8197489388287067
418,19.610801257431746,-6.523752496564248,35.15197986614684,107.21052631578948,19,0.10526315789473684,2,0.080078125,0.919921875,2.0781099904328584,-0.008051496784901246,4.188501353189349,0.8089195743203164
419,22.718998667653107,9.125402704846849,34.71535956806788,115.3529411764706,17,0.058823529411764705,1,0.0751953125,0.9248046875,1.431356733944267,-0.004722140647936612,2.8885133635252713,0.8177806239575147
420,22.367441189093245,8.608557121132678,34.242635408141346,114.82352941176471,17,0.0,0,0.0693359375,0.9306640625,1.3459831806831062,-0.004499467532150447,2.717427106946707,0.8230903273448348
421,20.84508918013452,3.1341609747878607,34.22160292829214,112.27777777777777,18,0.1111111111111111,2,0.06640625,0.93359375,1.7994371445849537,-0.007673640167922713,3.630752222239971,0.826532399468124
422,20.943969024421907,1.6260156302853508,36.00286913618532,110.0,18,0.05555555555555555,1,0.08544921875,0.91455078125,1.5820475667715073,-0.004926411213818938,3.190497526526451,0.8274787064641714
423,21.73639969202237,1.8714888333584745,37.47918014652961,111.55555555555556,18,0.0,0,0.091796875,0.908203125,1.3938656747341156,-0.0076039164676330985,2.8194882895797493,0.8274553013965488
424,20.9408588721313,1.672042119856205,35.52247109542612,110.38888888888889,18,0.0,0,0.0849609375,0.9150390625,1.5187911603599786,-0.007527961023151874,3.0692518521100283,0.8306804371997714
425,19.618389006880133,1.8080886353005665,36.910380326999366,105.89473684210526,19,0.0,0,0.09521484375,0.90478515625,1.4727595606818795,-0.006582074586185626,2.9753471218049525,0.8331926869228482
426,19.558744531894632,1.8080886353005665,34.400351048792146,107.05263157894737,19,0.0,0,0.09033203125,0.90966796875,1.415542170777917,-0.007084942192886956,2.861859354749322,0.8302565477788448
427,18.165478106791387,-6.632337831788018,35.23632417026454,104.36842105263158,19,0.10526315789473684,2,0.08740234375,0.91259765625,1.8550687292590737,-0.00535020622482989,3.7373109076172115,0.8236510857939721
428,17.80425187513439,-2.9484797044783164,31.377539754675247,103.94736842105263,19,0.10526315789473684,2,0.08837890625,0.91162109375,1.9920414311811327,-0.008678904359112494,4.017991834878922,0.8275583343580365
429,17.930491811511786,1.8976829304126264,34.45420529120775,104.6842105263158,19,0.05263157894736842,1,0.08056640625,0.91943359375,1.682086374796927,-0.006644638822763227,3.3943719740957023,0.8454977029934525
430,17.250749732870695,-8.826711557295882,29.507218274607936,103.36842105263158,19,0.10526315789473684,2,0.08544921875,0.91455078125,1.9595289196819068,-0.006934188732702751,3.9494772352278233,0.8275512000545859
431,17.76593756225693,-8.07089159394977,34.60366118598679,101.55,20,0.05,1,0.0849609375,0.9150390625,1.9959227208048105,-0.005817997874692083,4.020060746371746,0.8289647024124861
432,15.816623121061207,1.7846504908849325,30.958941618977754,99.4,20,0.05,1,0.091796875,0.908203125,2.051909387111664,-0.007048288438818417,4.134986282140017,0.8535464769229293
433,16.768671264847736,1.8080886353005665,29.79381298313803,100.15,20,0.0,0,0.0859375,0.9140625,1.8479717642068862,-0.0069145547589869235,3.7267309442162513,0.8479149788618088
434,17.305222923771193,1.6371548411440209,29.68287157096677,99.8,20,0.0,0,0.0927734375,0.9072265625,1.7017864506691693,-0.006395313070970588,3.433485835790634,0.856115922704339
435,17.02562766912673,-9.267250269253111,29.219354503204517,96.76190476190476,21,0.047619047619047616,1,0.10205078125,0.89794921875,1.8292956255376338,-0.007657369403750636,3.69107950180769,0.8586761109530926
436,16.378454649360584,2.2285468477351955,28.562814006242707,99.05,20,0.05,1,0.11767578125,0.88232421875,3.0845506493002177,-0.005313429966918193,6.19689444154501,0.8583147052675486
437,17.624434265345478,1.8976829304126261,29.729704421943975,101.85,20,0.05,1,0.11376953125,0.88623046875,1.7295061662793159,-0.007259902496298309,3.490155129879713,0.8311488159000874
438,18.183627080574773,1.7781180417653377,28.97577174130997,102.3,20,0.0,0,0.11865234375,0.88134765625,1.4514797134324908,-0.004191574154538103,2.9278132509440185,0.8235336216166615
439,18.35697994739495,1.626015630285351,31.492457894299374,102.57894736842105,19,0.0,0,0.10546875,0.89453125,1.3389591692946852,-0.009260935400379821,2.712652902305126,0.8106348276138305
440,18.60529406670236,-2.472242642133242,30.75689580736713,104.89473684210526,19,0.05263157894736842,1,0.1064453125,0.8935546875,1.5332225631922483,-0.008536540289787809,3.0996006410568953,0.8041214464232326
441,19.50768986468195,6.376778414839488,30.57336921516786,106.0,19,0.0,0,0.1064453125,0.8935546875,1.2592904147692026,-0.009107266060891562,2.5529105715453624,0.8057609224691987
442,18.99863734991222,7.061609220783684,31.35421322214458,105.36842105263158,19,0.0,0,0.10888671875,0.89111328125,1.3031470076180995,-0.005059135577175767,2.6330724846571685,0.8330098247155547
443,17.948967418198947,5.770292869844919,27.810386932726928,104.0,19,0.05263157894736842,1,0.107421875,0.892578125,1.2700194096192718,-0.010695194876461755,2.57813893891871,0.8354867869988084
444,18.85768620588244,1.2000317757108334,31.160159414893315,103.73684210526316,19,0.05263157894736842,1,0.099609375,0.900390625,1.529983475059271,-0.006802598934154957,3.090067843347788,0.8247845765203238
445,19.456402979627825,6.673406582537465,33.898952209905744,102.6842105263158,19,0.0,0,0.11083984375,0.88916015625,1.3944674188271164,-0.008164231636328623,2.821831642836332,0.8284171631559729
446,18.53955430982919,-9.245818496887857,29.351576975102365,101.21052631578948,19,0.10526315789473684,2,0.099609375,0.900390625,1.6699173613451421,-0.00695239978376776,3.3700618032366036,0.8161144223064184
447,19.735394425362365,6.2908566920682345,31.239557321437665,105.15789473684211,19,0.0,0,0.10791015625,0.89208984375,1.299184925481677,-0.006608125916682184,2.628038448095322,0.8226174067705869
448,19.396697209761907,6.652267264213671,33.80286894280147,105.22222222222223,18,0.05555555555555555,1,0.10107421875,0.89892578125,1.153727864753455,-0.006909317598911002,2.3376746606081724,0.8200149387121201
449,19.75925484103247,5.711697705584728,32.71107757954036,107.42105263157895,19,0.0,0,0.10546875,0.89453125,1.2525002571754158,-0.004209979384904727,2.5297791719436646,0.8179351940751076
450,19.797305034344287,4.903610595665608,29.394029803814124,106.3157894736842,19,0.0,0,0.10205078125,0.89794921875,1.2137543602846563,-0.006144431850407273,2.456541244126856,0.8371833896264433
451,18.457951667656122,5.5719124488251905,30.798354620171132,106.0,19,0.05263157894736842,1,0.0986328125,0.9013671875,1.2010354149155318,-0.009503113517712335,2.4380364194512367,0.8479682598263025
452,18.8026237022424,1.4229194311790163,30.816402863133852,108.77777777777777,18,0.05555555555555555,1,0.10107421875,0.89892578125,1.3546297536231577,-0.006089402086217888,2.7380941197276116,0.8327908989042043
453,18.881278138936217,-8.104778716538524,31.84690120213842,107.47368421052632,19,0.05263157894736842,1,0.1025390625,0.8974609375,1.363380386121571,-0.011360126949148253,2.765604503825307,0.8061737587675453
454,17.660955674964484,-9.245818496887857,30.20323704139509,105.89473684210526,19,0.05263157894736842,1,0.0986328125,0.9013671875,1.290519864205271,-0.008291205757996068,2.613572633638978,0.797524855658412
455,18.088136651862644,4.461791371971359,32.67329249038033,106.6842105263158,19,0.0,0,0.09716796875,0.90283203125,1.0859921009279787,-0.006130340295203496,2.2005443748086693,0.8149748746305704
456,18.86728178790138,4.53269678195528,31.629200922402163,107.78947368421052,19,0.0,0,0.0986328125,0.9013671875,1.0767298023449257,-0.009426190875819885,2.18874786272645,0.8217941576614975
457,19.353772248884628,6.589136515192583,33.4369544444766,107.6842105263158,19,0.0,0,0.09521484375,0.90478515625,1.1533409861847759,-0.006299296487122774,2.335958433523774,0.8338937221094966
458,17.58763760206704,4.943594172043397,29.628441841710472,104.42105263157895,19,0.05263157894736842,1,0.0869140625,0.9130859375,1.3131686557549984,-0.007595227018464356,2.6584354219958186,0.845383295789361
459,18.158789187304695,-7.546786224030042,28.43683083718586,104.78947368421052,19,0.05263157894736842,1,0.0908203125,0.9091796875,1.3224145465530455,-0.010727946835686453,2.68280190564692,0.8258454531431199
460,17.23809138872963,-7.6379477428661176,32.54034304998241,103.63157894736842,19,0.05263157894736842,1,0.07861328125,0.92138671875,1.4244511843658985,-0.008569199172779918,2.8830843491479756,0.852179016917944
461,18.207082344117794,6.219783674421171,31.906524937859654,105.83333333333333,18,0.0,0,0.078125,0.921875,1.1383284543640912,-0.005977631447603926,2.3058681070804594,0.8627970019355417
462,18.16104109820311,6.340991067461472,33.69213850310234,107.63157894736842,19,0.0,0,0.080078125,0.919921875,1.309752350486815,-0.0067364129456109366,2.649815757200122,0.8419114088639617
463,16.586192186945333,0.7385772434174349,28.31837580426068,105.42105263157895,19,0.10526315789473684,2,0.0732421875,0.9267578125,1.4759380588307978,-0.005823302713542944,2.9806300953030584,0.8553685940802097
464,14.45154241365384,-6.440878754315407,27.52371431093708,98.5,20,0.15,3,0.06005859375,0.93994140625,2.1232903501018883,-0.007277554256143048,4.278121743351221,0.8492956107482315
465,15.26167699972331,-6.776968421979281,36.1118129049399,98.05,20,0.1,2,0.07421875,0.92578125,1.7961729377508164,-0.0072711090004304426,3.6239692609757186,0.8540584752336144
466,16.098297189329582,2.972287236624041,32.605161726975716,104.36842105263158,19,0.05263157894736842,1,0.0791015625,0.9208984375,1.4502623707987368,-0.0048183146878727715,2.92722227498889,0.8530451180413365
467,15.411728023674547,-1.683752437125186,33.26515796719291,98.7,20,0.15,3,0.07568359375,0.92431640625,2.027497694641352,-0.006866406530025415,4.08608739040792,0.8679595166817308
468,16.61641815165114,-9.00218372644279,32.64666515972061,100.1,20,0.05,1,0.0810546875,0.9189453125,1.5343376747332513,-0.005931007998879067,3.0978138778358697,0.8638256719335914
469,16.0835964955009,-6.571679291527838,33.375886277314464,100.15,20,0.15,3,0.08056640625,0.91943359375,1.9133467047475279,-0.008685550881637027,3.861745497956872,0.8840491121634841
470,17.995184782540523,5.403347485452022,33.39162938562998,102.26315789473684,19,0.0,0,0.099609375,0.900390625,4.094043350219726,-0.006943537582992576,8.219684205576778,0.8855196544900537
471,18.119635335864867,5.115315974256879,34.15697576987999,103.63157894736842,19,0.0,0,0.0986328125,0.9013671875,1.1552417548373342,-0.00458884565741755,2.3374354068189858,0.8887104252353311
472,18.645324818587213,6.078852891680289,35.81724980508846,106.3157894736842,19,0.0,0,0.115234375,0.884765625,1.1333328436128796,-0.009393087643547914,2.3028685219585894,0.8708335494622588
473,18.873221407441907,5.699011381472993,30.294021657177545,104.84210526315789,19,0.0,0,0.10986328125,0.89013671875,1.233224781882018,-0.004731341931619682,2.4930482897907495,0.8568021539598704
474,20.135189385202516,6.499790393602092,30.664993762133975,107.47368421052632,19,0.0,0,0.10205078125,0.89794921875,1.2110810242593288,-0.005798937505460344,2.4507071431726217,0.8473612271249295
475,19.51748683199783,4.935098369829998,33.79649128602579,106.47368421052632,19,0.0,0,0.1015625,0.8984375,1.2170113081112504,-0.005583378914161585,2.4622199557721616,0.8515288671478629
476,18.821925844190265,4.078223126160009,36.11186440459113,104.94736842105263,19,0.0,0,0.111328125,0.888671875,1.3868351558223366,-0.00815732089104131,2.8068259291350843,0.8420488627627492
477,19.233356931924444,4.166848012603588,33.50461206190901,107.47368421052632,19,0.0,0,0.1025390625,0.8974609375,1.2129242193885148,-0.005470227394835092,2.4536113407462836,0.8411229284480214
478,18.159341241023043,4.131806337696059,36.51873163109551,105.0,19,0.0,0,0.10107421875,0.89892578125,2.9966542668640614,-0.00620943219983019,6.022351926192641,0.8312270060181618
479,17.798108386026545,-4.5959854237189415,32.726977531137884,106.21052631578948,19,0.05263157894736842,1,0.09521484375,0.90478515625,1.2366795532405377,-0.005045943567529321,2.4998002350330353,0.8174619510769844
480,16.39459141221916,-6.303822040473395,30.335144934979976,98.6,20,0.1,2,0.0869140625,0.9130859375,1.6304050443693996,-0.008110791492799762,3.293529875203967,0.8249105831608177
481,17.402983067469105,-5.796729817022197,32.95145820646591,104.26315789473684,19,0.05263157894736842,1,0.10400390625,0.89599609375,1.2679310105741024,-0.007103224089951255,2.5664624501019717,0.8196990221738816
482,18.02068981162501,-4.649386421774448,30.252618531446394,105.15789473684211,19,0.05263157894736842,1,0.09228515625,0.90771484375,1.1635856091976167,-0.0060115244399639774,2.35527551099658,0.8040621981024743
483,18.973301052221192,-5.802818946496925,31.354983036109413,107.15789473684211,19,0.05263157894736842,1,0.0986328125,0.9013671875,1.1440319285728038,-0.010965845684404485,2.3256602719426156,0.7832362450659275
484,18.90589936189923,-4.080235108413168,31.15351852624598,109.0,18,0.05555555555555555,1,0.0947265625,0.9052734375,1.0508003015071155,-0.0070956171432044355,2.131431072577834,0.7819616463035345
485,19.55510206047365,-6.286743387547212,32.62704568466984,107.22222222222223,18,0.05555555555555555,1,0.09716796875,0.90283203125,1.0354901410639286,-0.007362391432980076,2.10124338530004,0.7769160764291883
486,19.78352327978491,-1.901624915999749,33.72081846398526,110.05555555555556,18,0.05555555555555555,1,0.095703125,0.904296875,0.9615718070417643,-0.005466082895873114,1.9497776832431555,0.7850954027846455
487,17.938561945706,-9.25263372316688,33.41945255934055,106.78947368421052,19,0.10526315789473684,2,0.08642578125,0.91357421875,1.2756415268406271,-0.006316801742286771,2.5795154724270106,0.7799408055841923
488,19.921508515729144,-2.3462943786303274,30.03513791165256,112.44444444444444,18,0.05555555555555555,1,0.08935546875,0.91064453125,0.9006912271492183,-0.007116294445586391,1.8307709638029337,0.7577958077192306
489,19.40353121958205,-3.92146977482093,31.072192831223497,111.61111111111111,18,0.05555555555555555,1,0.09619140625,0.90380859375,1.018083451781422,-0.006975098518887534,2.065659038722515,0.7770967565476894
490,19.072394162081494,-3.015542819580541,32.132204747203204,107.78947368421052,19,0.05263157894736842,1,0.0986328125,0.9013671875,5.601231222227216,-0.004387156011944171,11.227047374099493,0.790531687811017
491,19.091449009499442,-6.855822776361833,33.793902050291,107.88888888888889,18,0.05555555555555555,1,0.0966796875,0.9033203125,0.9437269551679492,-0.00927138285478577,1.922346880286932,0.8175105385482311
492,20.447733815944495,3.994761821869666,32.25536006174663,109.0,18,0.0,0,0.11279296875,0.88720703125,1.2307139871641994,-0.007306554936803877,2.4923429980874063,0.8150956934317947
493,18.24817436174184,3.8962862507864897,27.815645701440502,106.47368421052632,19,0.0,0,0.11474609375,0.88525390625,1.1681012381799518,-0.006421895942185074,2.3657117690891027,0.8332749942317605
494,18.27974894186439,4.784486424921057,26.881444723266608,106.78947368421052,19,0.0,0,0.13525390625,0.86474609375,1.1816652849316598,-0.006068084880826064,2.3914898835122584,0.8011570049449801
495,16.647203526045637,-9.10478053837571,27.91225308044265,102.0,20,0.1,2,0.1259765625,0.8740234375,1.2215663268230856,-0.006186089926632121,2.471614394523203,0.8054777715355158
496,17.44987770513017,-4.707026612034017,28.54455595818971,104.84210526315789,19,0.10526315789473684,2,0.1318359375,0.8681640625,1.071113719046116,-0.008203923555265646,2.1746664714068173,0.8015594532713294
497,16.428810300570312,-4.565722927719148,26.67320482798526,101.85,20,0.1,2,0.13525390625,0.86474609375,1.1491147262975574,-0.00880080095375888,2.3326635349541904,0.8416238063946366
498,18.12663079606772,4.425831683825933,27.649877564023328,104.26315789473684,19,0.0,0,0.14306640625,0.85693359375,0.9682896764948964,-0.006996215262915939,1.9671983962878585,0.8313312942162157
499,18.14193404949965,5.3600899863070826,27.409440067290813,102.84210526315789,19,0.0,0,0.1494140625,0.8505859375,1.0006030571646989,-0.004756377745070495,2.0276641260832546,0.8472629407420754
500,16.157047072481898,5.433615312851609,25.577076880834404,100.3,20,0.0,0,0.1689453125,0.8310546875,1.201419632975012,-0.01021197287045652,2.4404702305793764,0.8603510800749063
